{
    "__createdwith": "opl's Model Creator",
    "ambientocclusion": false,
    "textures": {
        "particle": "blocks/door_acacia_lower"
    },
    "elements": [
        {
            "from": [0,0,0],
            "to": [3,16,3],
            "faces": {
                "down": {
                    "texture": "#particle",
                    "cullface": "down"
                },
                "west": {
                    "texture": "#particle",
                    "cullface": "west"
                },
                "east": {
                    "uv": [3.0,0.0,0.0,16.0],
                    "texture": "#particle"
                },
                "north": {
                    "uv": [3.0,0.0,0.0,16.0],
                    "texture": "#particle",
                    "cullface": "north"
                },
                "south": {
                    "texture": "#particle"
                }
            }
        },
        {
            "from": [0,0,13],
            "to": [3,16,16],
            "faces": {
                "down": {
                    "texture": "#particle",
                    "cullface": "down"
                },
                "west": {
                    "texture": "#particle",
                    "cullface": "west"
                },
                "east": {
                    "uv": [16.0,0.0,13.0,16.0],
                    "texture": "#particle"
                },
                "north": {
                    "uv": [3.0,0.0,0.0,16.0],
                    "texture": "#particle"
                },
                "south": {
                    "texture": "#particle",
                    "cullface": "south"
                }
            }
        },
        {
            "from": [1,0,4],
            "to": [2,16,6],
            "faces": {
                "down": {
                    "texture": "#particle",
                    "cullface": "down"
                },
                "west": {
                    "texture": "#particle"
                },
                "east": {
                    "uv": [6.0,0.0,4.0,16.0],
                    "texture": "#particle"
                },
                "north": {
                    "uv": [2.0,0.0,1.0,16.0],
                    "texture": "#particle"
                },
                "south": {
                    "texture": "#particle"
                }
            }
        },
        {
            "from": [1,0,7],
            "to": [2,16,9],
            "faces": {
                "down": {
                    "texture": "#particle",
                    "cullface": "down"
                },
                "west": {
                    "texture": "#particle"
                },
                "east": {
                    "uv": [9.0,0.0,7.0,16.0],
                    "texture": "#particle"
                },
                "north": {
                    "uv": [2.0,0.0,1.0,16.0],
                    "texture": "#particle"
                },
                "south": {
                    "texture": "#particle"
                }
            }
        },
        {
            "from": [1,0,10],
            "to": [2,16,12],
            "faces": {
                "down": {
                    "texture": "#particle",
                    "cullface": "down"
                },
                "west": {
                    "texture": "#particle"
                },
                "east": {
                    "uv": [12.0,0.0,10.0,16.0],
                    "texture": "#particle"
                },
                "north": {
                    "uv": [2.0,0.0,1.0,16.0],
                    "texture": "#particle"
                },
                "south": {
                    "texture": "#particle"
                }
            }
        },
        {
            "from": [1,1,2],
            "to": [2,4,14],
            "faces": {
                "up": {
                    "uv": [2.0,13.0,14.0,14.0],
                    "texture": "#particle",
                    "rotation": 90
                },
                "down": {
                    "uv": [14.0,13.0,2.0,14.0],
                    "texture": "#particle",
                    "rotation": 90
                },
                "west": {
                    "texture": "#particle"
                },
                "east": {
                    "uv": [14.0,12.0,2.0,15.0],
                    "texture": "#particle"
                }
            }
        }
    ]
}