{
	"credit": "Made with Blockbench",
	"ambientocclusion": false,
	"textures": {
        "particle": "blocks/door_acacia_upper"
        },
	"elements": [
		{
			"from": [0, 0, 0],
			"to": [3, 16, 3],
			"faces": {
				"north": {"uv": [3, 0, 0, 16], "texture": "#particle", "cullface": "north"},
				"east": {"uv": [3, 0, 0, 16], "texture": "#particle"},
				"south": {"uv": [0, 0, 3, 16], "texture": "#particle"},
				"west": {"uv": [0, 0, 3, 16], "texture": "#particle", "cullface": "west"},
				"up": {"uv": [13, 1, 16, 4], "texture": "#particle", "cullface": "up"}
			}
		},
		{
			"from": [0, 0, 13],
			"to": [3, 16, 16],
			"faces": {
				"north": {"uv": [3, 0, 0, 16], "texture": "#particle"},
				"east": {"uv": [16, 0, 13, 16], "texture": "#particle"},
				"south": {"uv": [0, 0, 3, 16], "texture": "#particle", "cullface": "south"},
				"west": {"uv": [13, 0, 16, 16], "texture": "#particle", "cullface": "west"},
				"up": {"uv": [13, 13, 16, 16], "texture": "#particle", "cullface": "up"}
			}
		},
		{
			"from": [1, 0, 4],
			"to": [2, 16, 6],
			"faces": {
				"north": {"uv": [2, 0, 1, 16], "texture": "#particle"},
				"east": {"uv": [6, 0, 4, 16], "texture": "#particle"},
				"south": {"uv": [1, 0, 2, 16], "texture": "#particle"},
				"west": {"uv": [4, 0, 6, 16], "texture": "#particle"},
				"up": {"uv": [14, 4, 15, 6], "texture": "#particle", "cullface": "up"}
			}
		},
		{
			"from": [1, 0, 7],
			"to": [2, 16, 9],
			"faces": {
				"north": {"uv": [2, 0, 1, 16], "texture": "#particle"},
				"east": {"uv": [9, 0, 7, 16], "texture": "#particle"},
				"south": {"uv": [1, 0, 2, 16], "texture": "#particle"},
				"west": {"uv": [7, 0, 9, 16], "texture": "#particle"},
				"up": {"uv": [14, 7, 15, 9], "texture": "#particle", "cullface": "up"}
			}
		},
		{
			"from": [1, 0, 10],
			"to": [2, 16, 12],
			"faces": {
				"north": {"uv": [2, 0, 1, 16], "texture": "#particle"},
				"east": {"uv": [12, 0, 10, 16], "texture": "#particle"},
				"south": {"uv": [1, 0, 2, 16], "texture": "#particle"},
				"west": {"uv": [10, 0, 12, 16], "texture": "#particle"},
				"up": {"uv": [14, 10, 15, 12], "texture": "#particle", "cullface": "up"}
			}
		},
		{
			"from": [1, 13, 2],
			"to": [2, 15, 14],
			"faces": {
				"east": {"uv": [14, 1, 2, 3], "texture": "#particle"},
				"west": {"uv": [2, 1, 14, 3], "texture": "#particle"},
				"up": {"uv": [2, 1, 14, 2], "texture": "#particle", "rotation": 90},
				"down": {"uv": [2, 1, 14, 2], "texture": "#particle", "rotation": 90}
			}
		}
	]
}