{
	"credit": "Made with Blockbench",
	"parent": "block/block",
	"textures": {
		"particle": "blocks/fence/fence_gate_acacia"
	},
	"elements": [
		{
			"name": "Left-hand post",
			"from": [0, 1, 7],
			"to": [2, 14, 9],
			"faces": {
				"north": {"uv": [14, 0, 16, 13], "texture": "#particle"},
				"east": {"uv": [0, 0, 2, 13], "texture": "#particle"},
				"south": {"uv": [0, 0, 2, 13], "texture": "#particle"},
				"west": {"uv": [0, 0, 2, 13], "texture": "#particle", "cullface": "west"},
				"up": {"uv": [0, 14, 2, 16], "texture": "#particle"},
				"down": {"uv": [0, 14, 2, 16], "texture": "#particle"}
			}
		},
		{
			"name": "Right-hand post",
			"from": [14, 1, 7],
			"to": [16, 14, 9],
			"faces": {
				"north": {"uv": [0, 0, 2, 13], "texture": "#particle"},
				"east": {"uv": [14, 0, 16, 13], "texture": "#particle", "cullface": "east"},
				"south": {"uv": [14, 0, 16, 13], "texture": "#particle"},
				"west": {"uv": [14, 0, 16, 13], "texture": "#particle"},
				"up": {"uv": [14, 14, 16, 16], "texture": "#particle"},
				"down": {"uv": [14, 14, 16, 16], "texture": "#particle"}
			}
		},
		{
			"name": "L1",
			"from": [2, 12, 7.5],
			"to": [7, 13, 8.5],
			"faces": {
				"north": {"uv": [2, 1, 7, 2], "texture": "#particle"},
				"south": {"uv": [2, 1, 7, 2], "texture": "#particle"},
				"up": {"uv": [2, 1, 7, 2], "texture": "#particle"},
				"down": {"uv": [2, 1, 7, 2], "texture": "#particle"}
			}
		},
		{
			"name": "L2",
			"from": [2, 2, 7.5],
			"to": [7, 3, 8.5],
			"faces": {
				"north": {"uv": [2, 11, 7, 12], "texture": "#particle"},
				"south": {"uv": [2, 11, 7, 12], "texture": "#particle"},
				"up": {"uv": [2, 11, 7, 12], "texture": "#particle"},
				"down": {"uv": [2, 11, 7, 12], "texture": "#particle"}
			}
		},
		{
			"name": "L3",
			"from": [3, 3, 7.5],
			"to": [4, 12, 8.5],
			"faces": {
				"north": {"uv": [3, 2, 4, 11], "texture": "#particle"},
				"east": {"uv": [3, 2, 4, 11], "texture": "#particle"},
				"south": {"uv": [3, 2, 4, 11], "texture": "#particle"},
				"west": {"uv": [3, 2, 4, 11], "texture": "#particle"}
			}
		},
		{
			"name": "L4",
			"from": [5, 8, 7.5],
			"to": [6, 12, 8.5],
			"faces": {
				"north": {"uv": [5, 2, 6, 6], "texture": "#particle"},
				"east": {"uv": [5, 2, 6, 6], "texture": "#particle"},
				"south": {"uv": [5, 2, 6, 6], "texture": "#particle"},
				"west": {"uv": [5, 2, 6, 6], "texture": "#particle"},
				"down": {"uv": [5, 2, 6, 6], "texture": "#particle"}
			}
		},
		{
			"name": "L5",
			"from": [5, 3, 7.5],
			"to": [6, 7, 8.5],
			"faces": {
				"north": {"uv": [5, 7, 6, 11], "texture": "#particle"},
				"east": {"uv": [5, 7, 6, 11], "texture": "#particle"},
				"south": {"uv": [5, 7, 6, 11], "texture": "#particle"},
				"west": {"uv": [5, 7, 6, 11], "texture": "#particle"},
				"up": {"uv": [5, 7, 6, 11], "texture": "#particle"}
			}
		},
		{
			"name": "L6",
			"from": [6, 9, 7.5],
			"to": [7, 10, 8.5],
			"faces": {
				"north": {"uv": [6, 4, 7, 5], "texture": "#particle"},
				"south": {"uv": [6, 4, 7, 5], "texture": "#particle"},
				"up": {"uv": [6, 4, 7, 5], "texture": "#particle"},
				"down": {"uv": [6, 4, 7, 5], "texture": "#particle"}
			}
		},
		{
			"name": "L7",
			"from": [6, 7, 7.5],
			"to": [7, 8, 8.5],
			"faces": {
				"north": {"uv": [6, 6, 7, 7], "texture": "#particle"},
				"south": {"uv": [6, 6, 7, 7], "texture": "#particle"},
				"west": {"uv": [6, 6, 7, 7], "texture": "#particle"},
				"up": {"uv": [6, 6, 7, 7], "texture": "#particle"},
				"down": {"uv": [6, 6, 7, 7], "texture": "#particle"}
			}
		},
		{
			"name": "L8",
			"from": [6, 5, 7.5],
			"to": [7, 6, 8.5],
			"faces": {
				"north": {"uv": [6, 8, 7, 9], "texture": "#particle"},
				"south": {"uv": [6, 8, 7, 9], "texture": "#particle"},
				"up": {"uv": [6, 8, 7, 9], "texture": "#particle"},
				"down": {"uv": [6, 8, 7, 9], "texture": "#particle"}
			}
		},
		{
			"name": "L9",
			"from": [4, 8, 7.5],
			"to": [5, 9, 8.5],
			"faces": {
				"north": {"uv": [4, 5, 5, 6], "texture": "#particle"},
				"south": {"uv": [4, 5, 5, 6], "texture": "#particle"},
				"up": {"uv": [4, 5, 5, 6], "texture": "#particle"},
				"down": {"uv": [4, 5, 5, 6], "texture": "#particle"}
			}
		},
		{
			"name": "L10",
			"from": [4, 6, 7.5],
			"to": [5, 7, 8.5],
			"faces": {
				"north": {"uv": [4, 7, 5, 8], "texture": "#particle"},
				"south": {"uv": [4, 7, 5, 8], "texture": "#particle"},
				"up": {"uv": [4, 7, 5, 8], "texture": "#particle"},
				"down": {"uv": [4, 7, 5, 8], "texture": "#particle"}
			}
		},
		{
			"name": "L11",
			"from": [2, 10, 7.5],
			"to": [3, 11, 8.5],
			"faces": {
				"north": {"uv": [2, 3, 3, 4], "texture": "#particle"},
				"south": {"uv": [2, 3, 3, 4], "texture": "#particle"},
				"up": {"uv": [2, 3, 3, 4], "texture": "#particle"},
				"down": {"uv": [2, 3, 3, 4], "texture": "#particle"}
			}
		},
		{
			"name": "L12",
			"from": [2, 4, 7.5],
			"to": [3, 5, 8.5],
			"faces": {
				"north": {"uv": [2, 9, 3, 10], "texture": "#particle"},
				"south": {"uv": [2, 9, 3, 10], "texture": "#particle"},
				"up": {"uv": [2, 9, 3, 10], "texture": "#particle"},
				"down": {"uv": [2, 9, 3, 10], "texture": "#particle"}
			}
		},
		{
			"name": "L13",
			"from": [7, 2, 7.5],
			"to": [8, 13, 8.5],
			"faces": {
				"north": {"uv": [7, 1, 8, 12], "texture": "#particle"},
				"south": {"uv": [7, 1, 8, 12], "texture": "#particle"},
				"west": {"uv": [7, 1, 8, 12], "texture": "#particle"},
				"up": {"uv": [7, 1, 8, 2], "texture": "#particle"},
				"down": {"uv": [7, 1, 8, 2], "texture": "#particle"}
			}
		},
		{
			"name": "R1",
			"from": [9, 12, 7.5],
			"to": [14, 13, 8.5],
			"faces": {
				"north": {"uv": [9, 1, 14, 2], "texture": "#particle"},
				"south": {"uv": [9, 1, 14, 2], "texture": "#particle"},
				"up": {"uv": [9, 1, 14, 2], "texture": "#particle"},
				"down": {"uv": [9, 1, 14, 2], "texture": "#particle"}
			}
		},
		{
			"name": "R2",
			"from": [9, 2, 7.5],
			"to": [14, 3, 8.5],
			"faces": {
				"north": {"uv": [9, 11, 14, 12], "texture": "#particle"},
				"south": {"uv": [9, 11, 14, 12], "texture": "#particle"},
				"up": {"uv": [9, 11, 14, 12], "texture": "#particle"},
				"down": {"uv": [9, 11, 14, 12], "texture": "#particle"}
			}
		},
		{
			"name": "R3",
			"from": [12, 3, 7.5],
			"to": [13, 12, 8.5],
			"faces": {
				"north": {"uv": [12, 2, 13, 11], "texture": "#particle"},
				"east": {"uv": [12, 2, 13, 11], "texture": "#particle"},
				"south": {"uv": [12, 2, 13, 11], "texture": "#particle"},
				"west": {"uv": [12, 2, 13, 11], "texture": "#particle"}
			}
		},
		{
			"name": "R4",
			"from": [10, 8, 7.5],
			"to": [11, 12, 8.5],
			"faces": {
				"north": {"uv": [10, 2, 11, 6], "texture": "#particle"},
				"east": {"uv": [10, 2, 11, 6], "texture": "#particle"},
				"south": {"uv": [10, 2, 11, 6], "texture": "#particle"},
				"west": {"uv": [10, 2, 11, 6], "texture": "#particle"},
				"down": {"uv": [5, 2, 6, 6], "texture": "#particle"}
			}
		},
		{
			"name": "R5",
			"from": [10, 3, 7.5],
			"to": [11, 7, 8.5],
			"faces": {
				"north": {"uv": [10, 7, 11, 11], "texture": "#particle"},
				"east": {"uv": [10, 7, 11, 11], "texture": "#particle"},
				"south": {"uv": [10, 7, 11, 11], "texture": "#particle"},
				"west": {"uv": [10, 7, 11, 11], "texture": "#particle"},
				"up": {"uv": [5, 7, 6, 11], "texture": "#particle"}
			}
		},
		{
			"name": "R6",
			"from": [9, 9, 7.5],
			"to": [10, 10, 8.5],
			"faces": {
				"north": {"uv": [9, 4, 10, 5], "texture": "#particle"},
				"south": {"uv": [9, 4, 10, 5], "texture": "#particle"},
				"up": {"uv": [9, 4, 10, 5], "texture": "#particle"},
				"down": {"uv": [9, 4, 10, 5], "texture": "#particle"}
			}
		},
		{
			"name": "R7",
			"from": [9, 7, 7.5],
			"to": [10, 8, 8.5],
			"faces": {
				"north": {"uv": [9, 6, 10, 7], "texture": "#particle"},
				"south": {"uv": [9, 6, 10, 7], "texture": "#particle"},
				"west": {"uv": [9, 6, 10, 7], "texture": "#particle"},
				"up": {"uv": [9, 6, 10, 7], "texture": "#particle"},
				"down": {"uv": [9, 6, 10, 7], "texture": "#particle"}
			}
		},
		{
			"name": "R8",
			"from": [9, 5, 7.5],
			"to": [10, 6, 8.5],
			"faces": {
				"north": {"uv": [9, 8, 10, 9], "texture": "#particle"},
				"south": {"uv": [9, 8, 10, 9], "texture": "#particle"},
				"up": {"uv": [9, 8, 10, 9], "texture": "#particle"},
				"down": {"uv": [9, 8, 10, 9], "texture": "#particle"}
			}
		},
		{
			"name": "R9",
			"from": [11, 8, 7.5],
			"to": [12, 9, 8.5],
			"faces": {
				"north": {"uv": [11, 5, 12, 6], "texture": "#particle"},
				"south": {"uv": [11, 5, 12, 6], "texture": "#particle"},
				"up": {"uv": [11, 5, 12, 6], "texture": "#particle"},
				"down": {"uv": [11, 5, 12, 6], "texture": "#particle"}
			}
		},
		{
			"name": "R10",
			"from": [11, 6, 7.5],
			"to": [12, 7, 8.5],
			"faces": {
				"north": {"uv": [11, 7, 12, 8], "texture": "#particle"},
				"south": {"uv": [11, 7, 12, 8], "texture": "#particle"},
				"up": {"uv": [11, 7, 12, 8], "texture": "#particle"},
				"down": {"uv": [11, 7, 12, 8], "texture": "#particle"}
			}
		},
		{
			"name": "R11",
			"from": [13, 10, 7.5],
			"to": [14, 11, 8.5],
			"faces": {
				"north": {"uv": [13, 3, 14, 4], "texture": "#particle"},
				"south": {"uv": [13, 3, 14, 4], "texture": "#particle"},
				"up": {"uv": [13, 3, 14, 4], "texture": "#particle"},
				"down": {"uv": [13, 3, 14, 4], "texture": "#particle"}
			}
		},
		{
			"name": "R12",
			"from": [13, 4, 7.5],
			"to": [14, 5, 8.5],
			"faces": {
				"north": {"uv": [13, 9, 14, 10], "texture": "#particle"},
				"south": {"uv": [13, 9, 14, 10], "texture": "#particle"},
				"up": {"uv": [13, 9, 14, 10], "texture": "#particle"},
				"down": {"uv": [13, 9, 14, 10], "texture": "#particle"}
			}
		},
		{
			"name": "R13",
			"from": [8, 2, 7.5],
			"to": [9, 13, 8.5],
			"faces": {
				"north": {"uv": [8, 1, 9, 12], "texture": "#particle"},
				"east": {"uv": [8, 1, 9, 12], "texture": "#particle"},
				"south": {"uv": [8, 1, 9, 12], "texture": "#particle"},
				"up": {"uv": [8, 1, 9, 2], "texture": "#particle"},
				"down": {"uv": [8, 1, 9, 2], "texture": "#particle"}
			}
		}
	],
	"display": {
		"gui": {
			"rotation": [30, 45, 0],
			"translation": [0, -1, 0],
			"scale": [0.8, 0.8, 0.8]
		},
		"head": {
			"rotation": [0, 0, 0],
			"translation": [0, -3, -6]
		}
	}
}