{
    "__createdwith": "opl's Model Creator",
    "parent": "block/block",
    "display": {
        "gui": {
            "rotation": [ 30, 135, 0 ],
            "translation": [ 0, 0, 0],
            "scale":[ 0.625, 0.625, 0.625 ]
        },
        "fixed": {
            "rotation": [ 0, 90, 0 ],
            "translation": [ 0, 0, 0],
            "scale":[ 0.5, 0.5, 0.5 ]
        }
    },
    "ambientocclusion": false,
    "textures": {
        "particle": "blocks/fence/fence_birch"
    },
    "elements": [
        {
            "from": [7,9,0.5],
            "to": [9,11,15.5],
            "faces": {
                "up": {
                    "uv": [1,5,16,7],
                    "texture": "#particle",
                    "rotation": 270
                },
                "down": {
                    "uv": [1,7,16,5],
                    "texture": "#particle",
                    "rotation": 90
                },
                "west": {
                    "uv": [16,5,1,7],
                    "texture": "#particle"
                },
                "east": {
                    "uv": [1,5,16,7],
                    "texture": "#particle"
                }
            }
        },
        {
            "from": [7,1,0],
            "to": [9,3,16],
            "faces": {
                "up": {
                    "uv": [1,13,16,15],
                    "texture": "#particle",
                    "rotation": 270
                },
                "down": {
                    "uv": [1,15,16,13],
                    "texture": "#particle",
                    "rotation": 90
                },
                "west": {
                    "uv": [16,13,1,15],
                    "texture": "#particle"
                },
                "east": {
                    "uv": [1,13,16,15],
                    "texture": "#particle"
                }
            }
        },
        {
            "from": [7.5,0,5.5],
            "to": [8.5,14,7.5],
            "faces": {
                "up": {
                    "uv": [3,2,1,3],
                    "texture": "#particle",
                    "rotation": 90
                },
                "down": {
                    "uv": [1,15,3,16],
                    "texture": "#particle",
                    "rotation": 90
                },
                "west": {
                    "uv": [3,2,1,16],
                    "texture": "#particle"
                },
                "east": {
                    "uv": [3,2,1,16],
                    "texture": "#particle"
                },
                "north": {
                    "uv": [2,2,3,16],
                    "texture": "#particle"
                },
                "south": {
                    "uv": [1,2,2,16],
                    "texture": "#particle"
                }
            }
        },
        {
            "from": [7.5,0,2.5],
            "to": [8.5,15,4.5],
            "faces": {
                "up": {
                    "uv": [6,1,4,2],
                    "texture": "#particle",
                    "rotation": 90
                },
                "down": {
                    "uv": [4,15,6,16],
                    "texture": "#particle",
                    "rotation": 90
                },
                "west": {
                    "uv": [6,1,4,16],
                    "texture": "#particle"
                },
                "east": {
                    "uv": [6,1,4,16],
                    "texture": "#particle"
                },
                "north": {
                    "uv": [5,1,6,16],
                    "texture": "#particle"
                },
                "south": {
                    "uv": [4,1,5,16],
                    "texture": "#particle"
                }
            }
        },
        {
            "from": [6.5,0,-1.5],
            "to": [9.5,16,1.5],
            "faces": {
                "up": {
                    "uv": [10,7,13,10],
                    "texture": "#particle"
                },
                "down": {
                    "uv": [13,10,16,13],
                    "texture": "#particle"
                },
                "west": {
                    "uv": [7,0,10,16],
                    "texture": "#particle"
                },
                "east": {
                    "uv": [7,0,10,16],
                    "texture": "#particle"
                },
                "north": {
                    "uv": [7,0,10,16],
                    "texture": "#particle"
                },
                "south": {
                    "uv": [7,0,10,16],
                    "texture": "#particle"
                }
            }
        },
        {
            "from": [7.5,0,8.5],
            "to": [8.5,14,10.5],
            "faces": {
                "up": {
                    "uv": [3,2,1,3],
                    "texture": "#particle",
                    "rotation": 90
                },
                "down": {
                    "uv": [1,15,3,16],
                    "texture": "#particle",
                    "rotation": 90
                },
                "west": {
                    "uv": [3,2,1,16],
                    "texture": "#particle"
                },
                "east": {
                    "uv": [1,2,3,16],
                    "texture": "#particle"
                },
                "north": {
                    "uv": [2,2,3,16],
                    "texture": "#particle"
                },
                "south": {
                    "uv": [1,2,2,16],
                    "texture": "#particle"
                }
            }
        },
        {
            "from": [7.5,0,11.5],
            "to": [8.5,15,13.5],
            "faces": {
                "up": {
                    "uv": [6,1,4,2],
                    "texture": "#particle",
                    "rotation": 90
                },
                "down": {
                    "uv": [4,15,6,16],
                    "texture": "#particle",
                    "rotation": 90
                },
                "west": {
                    "uv": [6,1,4,16],
                    "texture": "#particle"
                },
                "east": {
                    "uv": [4,1,6,16],
                    "texture": "#particle"
                },
                "north": {
                    "uv": [5,1,6,16],
                    "texture": "#particle"
                },
                "south": {
                    "uv": [4,1,5,16],
                    "texture": "#particle"
                }
            }
        },
        {
            "from": [6.5,0,14.5],
            "to": [9.5,16,17.5],
            "faces": {
                "up": {
                    "uv": [10,7,13,10],
                    "texture": "#particle"
                },
                "down": {
                    "uv": [13,10,16,13],
                    "texture": "#particle"
                },
                "west": {
                    "uv": [7,0,10,16],
                    "texture": "#particle"
                },
                "east": {
                    "uv": [7,0,10,16],
                    "texture": "#particle"
                },
                "north": {
                    "uv": [7,0,10,16],
                    "texture": "#particle"
                },
                "south": {
                    "uv": [7,0,10,16],
                    "texture": "#particle"
                }
            }
        }
    ]
}