{
    "__createdwith": "opl's Model Creator",
    "ambientocclusion": false,
    "textures": {
        "particle": "blocks/door_iron_lower"
    },
    "elements": [
        {
            "from": [0,0,0],
            "to": [3,16,3],
            "faces": {
                "down": {
                    "texture": "#particle",
                    "cullface": "down"
                },
                "west": {
                    "uv": [16,0,13,16],
                    "texture": "#particle",
                    "cullface": "west"
                },
                "east": {
                    "uv": [13,0,16,16],
                    "texture": "#particle"
                },
                "north": {
                    "uv": [3,0,0,16],
                    "texture": "#particle",
                    "cullface": "north"
                },
                "south": {
                    "texture": "#particle"
                }
            }
        },
        {
            "from": [0,0,13],
            "to": [3,16,16],
            "faces": {
                "down": {
                    "texture": "#particle",
                    "cullface": "down"
                },
                "west": {
                    "uv": [3,0,0,16],
                    "texture": "#particle",
                    "cullface": "west"
                },
                "east": {
                    "uv": [0,0,3,16],
                    "texture": "#particle"
                },
                "north": {
                    "uv": [3,0,0,16],
                    "texture": "#particle"
                },
                "south": {
                    "texture": "#particle",
                    "cullface": "south"
                }
            }
        },
        {
            "from": [0,1,3],
            "to": [3,3,13],
            "faces": {
                "up": {
                    "texture": "#particle"
                },
                "down": {
                    "texture": "#particle"
                },
                "west": {
                    "uv": [13,13,3,15],
                    "texture": "#particle",
                    "cullface": "west"
                },
                "east": {
                    "texture": "#particle"
                }
            }
        },
        {
            "from": [1,2,2],
            "to": [2,16,14],
            "faces": {
                "west": {
                    "uv": [14,0,2,14],
                    "texture": "#particle"
                },
                "east": {
                    "texture": "#particle"
                }
            }
        },
        {
            "from": [2,15,3],
            "to": [3,16,4],
            "faces": {
                "up": {
                    "uv": [12,0,13,1],
                    "texture": "#particle"
                },
                "down": {
                    "uv": [12,0,13,1],
                    "texture": "#particle"
                },
                "east": {
                    "uv": [12,0,13,1],
                    "texture": "#particle"
                },
                "south": {
                    "uv": [12,0,13,1],
                    "texture": "#particle"
                }
            }
        },
        {
            "from": [0,15,3],
            "to": [1,16,4],
            "faces": {
                "up": {
                    "uv": [12,0,13,1],
                    "texture": "#particle"
                },
                "down": {
                    "uv": [12,0,13,1],
                    "texture": "#particle"
                },
                "west": {
                    "uv": [12,0,13,1],
                    "texture": "#particle"
                },
                "south": {
                    "uv": [12,0,13,1],
                    "texture": "#particle"
                }
            }
        }
    ]
}