{
    "__createdwith": "opl's Model Creator",
    "ambientocclusion": false,
    "textures": {
        "particle": "blocks/door_jungle_upper"
    },
    "elements": [
        {
            "from": [0,0,0],
            "to": [3,16,3],
            "faces": {
                "up": {
                    "uv": [0,0,3,3],
                    "texture": "#particle",
                    "cullface": "up"
                },
                "west": {
                    "uv": [0,0,3,16],
                    "texture": "#particle",
                    "cullface": "west"
                },
                "east": {
                    "uv": [3,0,0,16],
                    "texture": "#particle"
                },
                "north": {
                    "uv": [3,0,0,16],
                    "texture": "#particle",
                    "cullface": "north"
                },
                "south": {
                    "texture": "#particle"
                }
            }
        },
        {
            "from": [0,0,13],
            "to": [3,16,16],
            "faces": {
                "up": {
                    "uv": [0,13,3,16],
                    "texture": "#particle",
                    "cullface": "up"
                },
                "west": {
                    "uv": [13,0,16,16],
                    "texture": "#particle",
                    "cullface": "west"
                },
                "east": {
                    "uv": [16,0,13,16],
                    "texture": "#particle"
                },
                "north": {
                    "uv": [3,0,0,16],
                    "texture": "#particle"
                },
                "south": {
                    "uv": [0,0,3,16],
                    "texture": "#particle",
                    "cullface": "south"
                }
            }
        },
        {
            "from": [0,12,3],
            "to": [3,16,13],
            "faces": {
                "up": {
                    "uv": [0,3,3,13],
                    "texture": "#particle",
                    "cullface": "up"
                },
                "down": {
                    "uv": [0,3,3,13],
                    "texture": "#particle"
                },
                "west": {
                    "texture": "#particle",
                    "cullface": "west"
                },
                "east": {
                    "uv": [13,0,3,4],
                    "texture": "#particle"
                }
            }
        },
        {
            "from": [0,0,3],
            "to": [3,2,13],
            "faces": {
                "up": {
                    "uv": [0,3,3,13],
                    "texture": "#particle"
                },
                "west": {
                    "uv": [3,14,13,16],
                    "texture": "#particle",
                    "cullface": "west"
                },
                "east": {
                    "uv": [13,14,3,16],
                    "texture": "#particle"
                }
            }
        },
        {
            "from": [1,2,2],
            "to": [2,13,14],
            "faces": {
                "west": {
                    "uv": [2,3,14,14],
                    "texture": "#particle"
                },
                "east": {
                    "uv": [2,3,14,14],
                    "texture": "#particle"
                }
            }
        }
    ]
}