{
    "__createdwith": "opl's Model Creator",
    "ambientocclusion": false,
    "textures": {
        "particle": "blocks/reeds_0"
    },
    "elements": [
        {
            "from": [11,0,1],
            "to": [13,16,3],
            "faces": {
                "up": {
                    "uv": [10,4,12,6],
                    "texture": "#particle",
                    "cullface": "up"
                },
                "down": {
                    "uv": [10,10,12,12],
                    "texture": "#particle",
                    "cullface": "down"
                },
                "west": {
                    "texture": "#particle"
                },
                "east": {
                    "texture": "#particle"
                },
                "north": {
                    "uv": [1,0,3,16],
                    "texture": "#particle"
                },
                "south": {
                    "uv": [1,0,3,16],
                    "texture": "#particle"
                }
            }
        },
        {
            "from": [3,0,13],
            "to": [5,16,15],
            "faces": {
                "up": {
                    "uv": [10,4,12,6],
                    "texture": "#particle",
                    "cullface": "up"
                },
                "down": {
                    "uv": [10,10,12,12],
                    "texture": "#particle",
                    "cullface": "down"
                },
                "west": {
                    "uv": [1,0,3,16],
                    "texture": "#particle"
                },
                "east": {
                    "uv": [1,0,3,16],
                    "texture": "#particle"
                },
                "north": {
                    "uv": [1,0,3,16],
                    "texture": "#particle"
                },
                "south": {
                    "uv": [1,0,3,16],
                    "texture": "#particle"
                }
            }
        },
        {
            "from": [6,0,6],
            "to": [7,16,7],
            "faces": {
                "up": {
                    "uv": [7,0,8,1],
                    "texture": "#particle",
                    "cullface": "up"
                },
                "down": {
                    "uv": [7,15,8,16],
                    "texture": "#particle",
                    "cullface": "down"
                },
                "west": {
                    "uv": [7,0,8,16],
                    "texture": "#particle"
                },
                "east": {
                    "uv": [7,0,8,16],
                    "texture": "#particle"
                },
                "north": {
                    "uv": [7,0,8,16],
                    "texture": "#particle"
                },
                "south": {
                    "uv": [7,0,8,16],
                    "texture": "#particle"
                }
            }
        },
        {
            "from": [13,0,11],
            "to": [15,16,13],
            "faces": {
                "up": {
                    "uv": [10,4,12,6],
                    "texture": "#particle",
                    "cullface": "up"
                },
                "down": {
                    "uv": [10,10,12,12],
                    "texture": "#particle",
                    "cullface": "down"
                },
                "west": {
                    "uv": [13,0,15,16],
                    "texture": "#particle"
                },
                "east": {
                    "uv": [13,0,15,16],
                    "texture": "#particle"
                },
                "north": {
                    "texture": "#particle"
                },
                "south": {
                    "texture": "#particle"
                }
            }
        },
        {
            "from": [8,0,8],
            "to": [10,16,10],
            "faces": {
                "up": {
                    "uv": [10,7,12,9],
                    "texture": "#particle",
                    "cullface": "up"
                },
                "down": {
                    "uv": [10,10,12,12],
                    "texture": "#particle",
                    "cullface": "down"
                },
                "west": {
                    "uv": [4,0,6,16],
                    "texture": "#particle"
                },
                "east": {
                    "uv": [4,0,6,16],
                    "texture": "#particle"
                },
                "north": {
                    "uv": [4,0,6,16],
                    "texture": "#particle"
                },
                "south": {
                    "uv": [4,0,6,16],
                    "texture": "#particle"
                }
            }
        },
        {
            "from": [1,0,3],
            "to": [3,16,5],
            "faces": {
                "up": {
                    "uv": [10,4,12,6],
                    "texture": "#particle",
                    "cullface": "up"
                },
                "down": {
                    "uv": [10,10,12,12],
                    "texture": "#particle",
                    "cullface": "down"
                },
                "west": {
                    "uv": [13,0,15,16],
                    "texture": "#particle"
                },
                "east": {
                    "uv": [13,0,15,16],
                    "texture": "#particle"
                },
                "north": {
                    "uv": [13,0,15,16],
                    "texture": "#particle"
                },
                "south": {
                    "uv": [13,0,15,16],
                    "texture": "#particle"
                }
            }
        },
        {
            "from": [5,7,9],
            "to": [8,10,9],
            "faces": {
                "north": {
                    "uv": [9,0,12,3],
                    "texture": "#particle"
                },
                "south": {
                    "uv": [9,0,12,3],
                    "texture": "#particle"
                }
            }
        },
        {
            "from": [0,12,14],
            "to": [3,15,14],
            "faces": {
                "north": {
                    "uv": [9,0,12,3],
                    "texture": "#particle"
                },
                "south": {
                    "uv": [9,0,12,3],
                    "texture": "#particle"
                }
            }
        },
        {
            "from": [13,2,2],
            "to": [16,5,2],
            "faces": {
                "north": {
                    "uv": [9,0,12,3],
                    "texture": "#particle"
                },
                "south": {
                    "uv": [9,0,12,3],
                    "texture": "#particle"
                }
            }
        },
        {
            "from": [14,8,13],
            "to": [14,11,16],
            "faces": {
                "west": {
                    "uv": [9,0,12,3],
                    "texture": "#particle"
                },
                "east": {
                    "uv": [9,0,12,3],
                    "texture": "#particle"
                }
            }
        },
        {
            "from": [2,5,0],
            "to": [2,8,3],
            "faces": {
                "west": {
                    "uv": [9,0,12,3],
                    "texture": "#particle"
                },
                "east": {
                    "uv": [9,0,12,3],
                    "texture": "#particle"
                }
            }
        }
    ]
}