{
    "__createdwith": "opl's Model Creator",
    "textures": {
        "particle": "#texture"
    },
    "elements": [
        {
            "from": [0,13,0],
            "to": [3,16,13],
            "faces": {
                "up": {
                    "uv": [16,16,13,3],
                    "texture": "#particle",
                    "cullface": "up"
                },
                "down": {
                    "uv": [16,3,13,16],
                    "texture": "#particle"
                },
                "west": {
                    "uv": [16,3,13,16],
                    "texture": "#particle",
                    "cullface": "west",
                    "rotation": 90
                },
                "east": {
                    "uv": [13,16,16,3],
                    "texture": "#particle",
                    "rotation": 90
                },
                "north": {
                    "uv": [16,13,13,16],
                    "texture": "#particle",
                    "cullface": "north"
                }
            }
        },
        {
            "from": [3,13,0],
            "to": [16,16,3],
            "faces": {
                "up": {
                    "uv": [13,16,0,13],
                    "texture": "#particle",
                    "cullface": "up"
                },
                "down": {
                    "uv": [13,13,0,16],
                    "texture": "#particle"
                },
                "east": {
                    "uv": [0,13,3,16],
                    "texture": "#particle",
                    "cullface": "east",
                    "rotation": 90
                },
                "north": {
                    "uv": [0,16,13,13],
                    "texture": "#particle",
                    "cullface": "north"
                },
                "south": {
                    "uv": [13,13,0,16],
                    "texture": "#particle"
                }
            }
        },
        {
            "from": [13,13,3],
            "to": [16,16,16],
            "faces": {
                "up": {
                    "uv": [3,13,0,0],
                    "texture": "#particle",
                    "cullface": "up"
                },
                "down": {
                    "uv": [3,0,0,13],
                    "texture": "#particle"
                },
                "west": {
                    "uv": [3,0,0,13],
                    "texture": "#particle",
                    "rotation": 90
                },
                "east": {
                    "uv": [0,13,3,0],
                    "texture": "#particle",
                    "cullface": "east",
                    "rotation": 90
                },
                "south": {
                    "uv": [0,0,3,3],
                    "texture": "#particle",
                    "cullface": "south"
                }
            }
        },
        {
            "from": [0,13,13],
            "to": [13,16,16],
            "faces": {
                "up": {
                    "uv": [16,3,3,0],
                    "texture": "#particle",
                    "cullface": "up"
                },
                "down": {
                    "uv": [16,0,3,3],
                    "texture": "#particle"
                },
                "west": {
                    "uv": [13,3,16,0],
                    "texture": "#particle",
                    "cullface": "west",
                    "rotation": 90
                },
                "north": {
                    "uv": [3,3,16,0],
                    "texture": "#particle"
                },
                "south": {
                    "uv": [16,0,3,3],
                    "texture": "#particle",
                    "cullface": "south"
                }
            }
        },
        {
            "from": [1,14,1],
            "to": [15,15,15],
            "faces": {
                "up": {
                    "texture": "#particle"
                },
                "down": {
                    "uv": [1,15,15,1],
                    "texture": "#particle"
                }
            }
        }
    ]
}