{   "parent": "block/block",
    "display": {
        "gui": {
            "rotation": [ 30, 135, 0 ],
            "translation": [ 0, 0, 0],
            "scale":[ 0.625, 0.625, 0.625 ]
        },
        "fixed": {
            "rotation": [ 0, 90, 0 ],
            "translation": [ 0, 0, 0 ],
            "scale": [ 0.5, 0.5, 0.5 ]
        }
    },
    "__createdwith": "opl's Model Creator",
    "ambientocclusion": false,
    "textures": {
        "particle": "#wall"
    },
    "elements": [
        {
            "from": [4,0,4],
            "to": [12,16,12],
            "faces": {
                "up": {
                    "texture": "#wall_top"
                },
                "down": {
                    "texture": "#wall_top",
                    "cullface": "down"
                },
                "west": {
                    "texture": "#particle"
                },
                "east": {
                    "texture": "#particle"
                },
                "north": {
                    "texture": "#particle"
                },
                "south": {
                    "texture": "#particle"
                }
            }
        },
        {
            "from": [5,0,0],
            "to": [11,13,16],
            "faces": {
                "up": {
                    "texture": "#wall_top"
                },
                "down": {
                    "texture": "#wall_top",
                    "cullface": "down"
                },
                "west": {
                    "uv": [0,0,16,13],
                    "texture": "#particle"
                },
                "east": {
                    "uv": [0,0,16,13],
                    "texture": "#particle"
                },
                "north": {
                    "uv": [5,0,11,13],
                    "texture": "#particle",
                    "cullface": "north"
                },
                "south": {
                    "uv": [5,0,11,13],
                    "texture": "#particle",
                    "cullface": "south"
                }
            }
        }
    ]
}