{
    "ambientocclusion": false,
    "textures": {
        "particle": "blocks/waterlily",
        "texture": "blocks/waterlily_1",
        "flower": "blocks/waterlily_flower"
    },
    "elements": [
        {   "from": [ 0, 0.25, 0 ],
            "to": [ 16, 0.25, 16 ],
            "faces": {
                "down":  { "uv": [ 16, 16, 0,  0 ], "texture": "#texture", "tintindex": 0 },
                "up":    { "uv": [ 16,  0, 0, 16 ], "texture": "#texture", "tintindex": 0 }
            }
        },
        {
            "from": [ 6, 0, 3.8 ],
            "to": [ 6, 4, 10.2 ],
            "rotation": { "origin": [ 8, 8, 8 ], "axis": "y", "angle": 45 },
            "faces": {
                "west":  {"uv": [4, 9, 12, 14],"texture": "#flower"},
                "east":  {"uv": [4, 9, 12, 14],"texture": "#flower"}
            }
        },
        {
            "from": [ 2.8, 0, 7 ],
            "to": [ 9.2, 4, 7 ],
            "rotation": { "origin": [ 8, 8, 8 ], "axis": "y", "angle": 45 },
            "faces": {
                "north":  {"uv": [4, 9, 12, 14],"texture": "#flower"},
                "south":  {"uv": [4, 9, 12, 14],"texture": "#flower"}
            }
        }
    ]
}
