{
	"credit": "Made with Blockbench",
	"ambientocclusion": false,
	"textures": {
		"particle": "biomesoplenty:blocks/door_cherry_lower"
	},
	"elements": [
		{
			"from": [0, 0, 0],
			"to": [3, 16, 16],
			"faces": {
				"north": {"uv": [3, 0, 0, 16], "texture": "#particle", "cullface": "north"},
				"east": {"uv": [0, 0, 16, 16], "texture": "#particle"},
				"south": {"uv": [0, 0, 3, 16], "texture": "#particle", "cullface": "south"},
				"west": {"uv": [16, 0, 0, 16], "texture": "#particle", "cullface": "west"},
				"up": {"uv": [0, 13, 16, 16], "texture": "#particle", "rotation": 270},
				"down": {"uv": [13, 0, 16, 16], "texture": "#particle", "cullface": "down"}
			}
		}
	]
}