{
	"ambientocclusion": false,
    "textures": {
		"particle": "biomesoplenty:items/cloverpatch",
                "0": "biomesoplenty:blocks/cloverpatch_1",
                "1": "biomesoplenty:blocks/cloverpatch_2",
		"2": "biomesoplenty:blocks/cloverpatch_3",
		"3": "biomesoplenty:blocks/cloverpatch_4",
		"4": "biomesoplenty:blocks/cloverpatch_5"
    },
    "elements": [
        {
            "name": "Top 1",
            "from": [ 0.0, 3.5, 0.0 ], 
            "to": [ 16.0, 3.5, 16.0 ], 
            "faces": {
                "up": { "texture": "#0", "uv": [ 0.0, 0.0, 16.0, 16.0 ], "tintindex": 0 },
				"down": { "texture": "#0", "uv": [ 0.0, 16.0, 16.0, 0.0 ], "tintindex": 0 }
            }
        },
        {
            "name": "Top 2",
            "from": [ 0.0, 3.0, 0.0 ], 
            "to": [ 16.0, 3.0, 16.0 ], 
            "faces": {
                "up": { "texture": "#1", "uv": [ 0.0, 0.0, 16.0, 16.0 ], "tintindex": 0 },
				"down": { "texture": "#1", "uv": [ 0.0, 16.0, 16.0, 0.0 ], "tintindex": 0 }
            }
        },
        {
            "name": "Top 3",
            "from": [ 0.0, 2.5, 0.0 ], 
            "to": [ 16.0, 2.5, 16.0 ], 
            "faces": {
                "up": { "texture": "#2", "uv": [ 0.0, 0.0, 16.0, 16.0 ], "tintindex": 0 },
				"down": { "texture": "#2", "uv": [ 0.0, 16.0, 16.0, 0.0 ], "tintindex": 0 }
            }
        },
        {
            "name": "Top 4",
            "from": [ 0.0, 2.0, 0.0 ], 
            "to": [ 16.0, 2.0, 16.0 ], 
            "faces": {
                "up": { "texture": "#3", "uv": [ 0.0, 0.0, 16.0, 16.0 ], "tintindex": 0 },
				"down": { "texture": "#3", "uv": [ 0.0, 16.0, 16.0, 0.0 ], "tintindex": 0 }
            }
        },
        {
            "name": "Top 5",
            "from": [ 0.0, 1.5, 0.0 ], 
            "to": [ 16.0, 1.5, 16.0 ], 
            "faces": {
                "up": { "texture": "#4", "uv": [ 0.0, 0.0, 16.0, 16.0 ], "tintindex": 0 },
				"down": { "texture": "#4", "uv": [ 0.0, 16.0, 16.0, 0.0 ], "tintindex": 0 }
            }
	}
    ]
}