{
	"credit": "Made with Blockbench",
	"ambientocclusion": false,
	"textures": {
		"particle": "biomesoplenty:blocks/door_ethereal_lower"
	},
	"elements": [
		{
			"from": [0, 0, 13],
			"to": [3, 16, 16],
			"faces": {
				"north": {"uv": [3, 0, 0, 16], "texture": "#particle"},
				"east": {"uv": [0, 0, 3, 16], "texture": "#particle"},
				"south": {"uv": [0, 0, 3, 16], "texture": "#particle", "cullface": "south"},
				"west": {"uv": [3, 0, 0, 16], "texture": "#particle", "cullface": "west"},
				"down": {"uv": [0, 13, 3, 16], "texture": "#particle", "rotation": 90, "cullface": "down"}
			}
		},
		{
			"from": [0, 0, 0],
			"to": [3, 16, 3],
			"faces": {
				"north": {"uv": [3, 0, 0, 16], "texture": "#particle", "cullface": "north"},
				"east": {"uv": [13, 0, 16, 16], "texture": "#particle"},
				"south": {"uv": [0, 0, 3, 16], "texture": "#particle"},
				"west": {"uv": [16, 0, 13, 16], "texture": "#particle", "cullface": "west"},
				"down": {"uv": [13, 13, 16, 16], "texture": "#particle", "rotation": 90, "cullface": "down"}
			}
		},
		{
			"from": [0, 15, 3],
			"to": [3, 16, 13],
			"faces": {
				"east": {"uv": [3, 0, 13, 1], "texture": "#particle"},
				"west": {"uv": [13, 0, 3, 1], "texture": "#particle", "cullface": "west"},
				"down": {"uv": [3, 0, 13, 1], "texture": "#particle", "rotation": 90, "cullface": "down"}
			}
		},
		{
			"from": [0, 0, 3],
			"to": [3, 5, 13],
			"faces": {
				"east": {"uv": [3, 11, 13, 16], "texture": "#particle"},
				"west": {"uv": [13, 11, 3, 16], "texture": "#particle", "cullface": "west"},
				"up": {"uv": [3, 12, 13, 15], "texture": "#particle", "rotation": 270},
				"down": {"uv": [3, 13, 13, 16], "texture": "#particle", "rotation": 90, "cullface": "down"}
			}
		},
		{
			"from": [1, 4, 2],
			"to": [2, 16, 14],
			"faces": {
				"east": {"uv": [2, 0, 14, 12], "texture": "#particle"},
				"west": {"uv": [14, 0, 2, 12], "texture": "#particle"}
			}
		},
		{
			"from": [0, 12, 3],
			"to": [3, 13, 4],
			"faces": {
				"east": {"uv": [12, 3, 13, 4], "texture": "#particle"},
				"south": {"uv": [12, 3, 15, 4], "texture": "#particle"},
				"west": {"uv": [12, 3, 13, 4], "texture": "#particle", "cullface": "west"},
				"up": {"uv": [12, 3, 15, 4], "texture": "#particle", "rotation": 180},
				"down": {"uv": [12, 3, 15, 4], "texture": "#particle", "rotation": 180}
			}
		}
	]
}