{
	"credit": "Made with Blockbench",
	"ambientocclusion": false,
	"textures": {
		"particle": "biomesoplenty:blocks/door_ethereal_upper"
	},
	"elements": [
		{
			"from": [0, 0, 0],
			"to": [3, 16, 3],
			"faces": {
				"north": {"uv": [3, 0, 0, 16], "texture": "#particle", "cullface": "north"},
				"east": {"uv": [3, 0, 0, 16], "texture": "#particle"},
				"south": {"uv": [13, 0, 16, 16], "texture": "#particle"},
				"west": {"uv": [0, 0, 3, 16], "texture": "#particle", "cullface": "west"},
				"up": {"uv": [0, 0, 3, 3], "texture": "#particle", "rotation": 90, "cullface": "up"}
			}
		},
		{
			"from": [0, 0, 13],
			"to": [3, 16, 16],
			"faces": {
				"north": {"uv": [16, 0, 13, 16], "texture": "#particle"},
				"east": {"uv": [16, 0, 13, 16], "texture": "#particle"},
				"south": {"uv": [0, 0, 3, 16], "texture": "#particle", "cullface": "south"},
				"west": {"uv": [13, 0, 16, 16], "texture": "#particle", "cullface": "west"},
				"up": {"uv": [13, 0, 16, 3], "texture": "#particle", "rotation": 90, "cullface": "up"}
			}
		},
		{
			"from": [0, 0, 3],
			"to": [3, 2, 13],
			"faces": {
				"east": {"uv": [13, 14, 4, 16], "texture": "#particle"},
				"west": {"uv": [3, 14, 13, 16], "texture": "#particle", "cullface": "west"},
				"up": {"uv": [3, 1, 13, 4], "texture": "#particle", "rotation": 90}
			}
		},
		{
			"from": [0, 12, 3],
			"to": [3, 16, 13],
			"faces": {
				"east": {"uv": [13, 0, 3, 4], "texture": "#particle"},
				"west": {"uv": [3, 0, 13, 4], "texture": "#particle", "cullface": "west"},
				"up": {"uv": [3, 0, 13, 3], "texture": "#particle", "rotation": 90, "cullface": "up"},
				"down": {"uv": [3, 1, 13, 4], "texture": "#particle", "rotation": 270}
			}
		},
		{
			"from": [1, 1, 2],
			"to": [2, 13, 14],
			"faces": {
				"east": {"uv": [14, 3, 2, 15], "texture": "#particle"},
				"west": {"uv": [2, 3, 14, 15], "texture": "#particle"}
			}
		}
	]
}