{
	"credit": "Made with Blockbench",
	"ambientocclusion": false,
	"textures": {
		"0": "biomesoplenty:blocks/door_hellbark_upper",
		"particle": "biomesoplenty:blocks/door_hellbark_upper"
	},
	"elements": [
		{
			"from": [0, 0, 3],
			"to": [3, 1, 13],
			"faces": {
				"east": {"uv": [13, 15, 3, 16], "texture": "#0"},
				"west": {"uv": [3, 15, 13, 16], "texture": "#0", "cullface": "west"},
				"up": {"uv": [13, 3, 16, 13], "texture": "#0"}
			}
		},
		{
			"from": [0, 13, 3],
			"to": [3, 16, 13],
			"faces": {
				"east": {"uv": [13, 0, 3, 3], "texture": "#0"},
				"west": {"uv": [3, 0, 13, 3], "texture": "#0", "cullface": "west"},
				"up": {"uv": [3, 0, 13, 3], "texture": "#0", "rotation": 90, "cullface": "up"},
				"down": {"uv": [13, 3, 16, 13], "texture": "#0"}
			}
		},
		{
			"from": [0, 0, 0],
			"to": [3, 16, 3],
			"faces": {
				"north": {"uv": [3, 0, 0, 16], "texture": "#0", "cullface": "north"},
				"east": {"uv": [3, 0, 0, 16], "texture": "#0"},
				"south": {"uv": [16, 0, 13, 16], "texture": "#0"},
				"west": {"uv": [0, 0, 3, 16], "texture": "#0", "cullface": "west"},
				"up": {"uv": [0, 0, 3, 3], "texture": "#0", "rotation": 90, "cullface": "up"}
			}
		},
		{
			"from": [0, 0, 13],
			"to": [3, 16, 16],
			"faces": {
				"north": {"uv": [13, 0, 16, 16], "texture": "#0"},
				"east": {"uv": [16, 0, 13, 16], "texture": "#0"},
				"south": {"uv": [0, 0, 3, 16], "texture": "#0", "cullface": "south"},
				"west": {"uv": [13, 0, 16, 16], "texture": "#0", "cullface": "west"},
				"up": {"uv": [13, 0, 16, 3], "texture": "#0", "rotation": 90, "cullface": "up"}
			}
		},
		{
			"from": [0, 0, 5],
			"to": [3, 14, 7],
			"faces": {
				"north": {"uv": [13, 2, 16, 16], "texture": "#0"},
				"east": {"uv": [7, 2, 5, 16], "texture": "#0"},
				"south": {"uv": [16, 2, 13, 16], "texture": "#0"},
				"west": {"uv": [5, 2, 7, 16], "texture": "#0", "cullface": "west"}
			}
		},
		{
			"from": [0, 0, 9],
			"to": [3, 14, 11],
			"faces": {
				"north": {"uv": [13, 2, 16, 16], "texture": "#0"},
				"east": {"uv": [11, 2, 9, 16], "texture": "#0"},
				"south": {"uv": [16, 2, 13, 16], "texture": "#0"},
				"west": {"uv": [9, 2, 11, 16], "texture": "#0", "cullface": "west"}
			}
		}
	]
}