{
	"credit": "Made with Blockbench",
	"ambientocclusion": false,
	"textures": {
		"0": "biomesoplenty:blocks/door_hellbark_lower",
		"particle": "biomesoplenty:blocks/door_hellbark_lower"
	},
	"elements": [
		{
			"from": [0, 0, 3],
			"to": [3, 3, 13],
			"faces": {
				"east": {"uv": [13, 13, 3, 16], "texture": "#0"},
				"west": {"uv": [3, 13, 13, 16], "texture": "#0", "cullface": "west"},
				"up": {"uv": [13, 4, 16, 14], "texture": "#0"},
				"down": {"uv": [3, 13, 13, 16], "texture": "#0", "rotation": 270, "cullface": "down"}
			}
		},
		{
			"from": [0, 14, 3],
			"to": [3, 16, 13],
			"faces": {
				"east": {"uv": [13, 0, 3, 2], "texture": "#0"},
				"west": {"uv": [3, 0, 13, 2], "texture": "#0", "cullface": "west"},
				"down": {"uv": [13, 3, 16, 13], "texture": "#0"}
			}
		},
		{
			"from": [0, 0, 0],
			"to": [3, 16, 3],
			"faces": {
				"north": {"uv": [3, 0, 0, 16], "texture": "#0", "cullface": "north"},
				"east": {"uv": [3, 0, 0, 16], "texture": "#0"},
				"south": {"uv": [0, 0, 3, 16], "texture": "#0"},
				"west": {"uv": [0, 0, 3, 16], "texture": "#0", "cullface": "west"},
				"down": {"uv": [0, 13, 3, 16], "texture": "#0", "rotation": 270, "cullface": "down"}
			}
		},
		{
			"from": [0, 0, 13],
			"to": [3, 16, 16],
			"faces": {
				"north": {"uv": [3, 0, 0, 16], "texture": "#0"},
				"east": {"uv": [16, 0, 13, 16], "texture": "#0"},
				"south": {"uv": [0, 0, 3, 16], "texture": "#0", "cullface": "south"},
				"west": {"uv": [13, 0, 16, 16], "texture": "#0", "cullface": "west"},
				"down": {"uv": [13, 13, 16, 16], "texture": "#0", "rotation": 270, "cullface": "down"}
			}
		},
		{
			"from": [0, 2, 5],
			"to": [3, 15, 7],
			"faces": {
				"north": {"uv": [16, 3, 13, 16], "texture": "#0"},
				"east": {"uv": [7, 1, 5, 14], "texture": "#0"},
				"south": {"uv": [13, 3, 16, 16], "texture": "#0"},
				"west": {"uv": [5, 1, 7, 14], "texture": "#0", "cullface": "west"}
			}
		},
		{
			"from": [0, 2, 9],
			"to": [3, 15, 11],
			"faces": {
				"north": {"uv": [16, 3, 13, 16], "texture": "#0"},
				"east": {"uv": [11, 1, 9, 14], "texture": "#0"},
				"south": {"uv": [13, 3, 16, 16], "texture": "#0"},
				"west": {"uv": [9, 1, 11, 14], "texture": "#0", "cullface": "west"}
			}
		}
	]
}