{
	"credit": "Made with Blockbench",
	"ambientocclusion": false,
	"textures": {
		"particle": "biomesoplenty:blocks/door_jacaranda_lower"
	},
	"elements": [
		{
			"from": [0, 0, 0],
			"to": [3, 16, 4],
			"faces": {
				"north": {"uv": [3, 0, 0, 16], "texture": "#particle", "cullface": "north"},
				"east": {"uv": [4, 0, 0, 16], "texture": "#particle"},
				"south": {"uv": [13, 0, 16, 16], "texture": "#particle", "rotation": 180},
				"west": {"uv": [0, 0, 4, 16], "texture": "#particle", "cullface": "west"},
				"down": {"uv": [0, 13, 4, 16], "texture": "#particle", "rotation": 270, "cullface": "down"}
			}
		},
		{
			"from": [0, 0, 12],
			"to": [3, 16, 16],
			"faces": {
				"north": {"uv": [13, 0, 16, 16], "texture": "#particle", "rotation": 180},
				"east": {"uv": [16, 0, 12, 16], "texture": "#particle"},
				"south": {"uv": [0, 0, 3, 16], "texture": "#particle", "cullface": "south"},
				"west": {"uv": [12, 0, 16, 16], "texture": "#particle", "cullface": "west"},
				"down": {"uv": [12, 13, 16, 16], "texture": "#particle", "rotation": 270, "cullface": "down"}
			}
		},
		{
			"from": [0, 0, 4],
			"to": [3, 14, 12],
			"faces": {
				"east": {"uv": [12, 2, 4, 16], "texture": "#particle"},
				"west": {"uv": [4, 2, 12, 16], "texture": "#particle", "cullface": "west"},
				"up": {"uv": [4, 3, 12, 6], "texture": "#particle", "rotation": 90},
				"down": {"uv": [4, 13, 12, 16], "texture": "#particle", "rotation": 270, "cullface": "down"}
			}
		},
		{
			"from": [1, 13, 3],
			"to": [2, 16, 13],
			"faces": {
				"east": {"uv": [3, 0, 13, 3], "texture": "#particle"},
				"west": {"uv": [3, 0, 13, 3], "texture": "#particle"}
			}
		}
	]
}