{
	"credit": "Made with Blockbench",
	"ambientocclusion": false,
	"textures": {
		"particle": "biomesoplenty:blocks/door_jacaranda_upper"
	},
	"elements": [
		{
			"from": [0, 0, 12],
			"to": [3, 16, 16],
			"faces": {
				"north": {"uv": [13, 0, 16, 16], "texture": "#particle"},
				"east": {"uv": [0, 0, 4, 16], "texture": "#particle"},
				"south": {"uv": [0, 0, 3, 16], "texture": "#particle", "cullface": "south"},
				"west": {"uv": [4, 0, 0, 16], "texture": "#particle", "cullface": "west"},
				"up": {"uv": [0, 0, 4, 3], "texture": "#particle", "rotation": 270, "cullface": "up"}
			}
		},
		{
			"from": [0, 0, 0],
			"to": [3, 16, 4],
			"faces": {
				"north": {"uv": [3, 0, 0, 16], "texture": "#particle", "cullface": "north"},
				"east": {"uv": [12, 0, 16, 16], "texture": "#particle"},
				"south": {"uv": [13, 0, 16, 16], "texture": "#particle"},
				"west": {"uv": [16, 0, 12, 16], "texture": "#particle", "cullface": "west"},
				"up": {"uv": [12, 0, 16, 3], "texture": "#particle", "rotation": 270, "cullface": "up"}
			}
		},
		{
			"from": [0, 11, 4],
			"to": [3, 16, 12],
			"faces": {
				"east": {"uv": [4, 0, 12, 5], "texture": "#particle"},
				"west": {"uv": [12, 0, 4, 5], "texture": "#particle", "cullface": "west"},
				"up": {"uv": [4, 0, 12, 3], "texture": "#particle", "rotation": 270, "cullface": "up"},
				"down": {"uv": [4, 1, 12, 4], "texture": "#particle", "rotation": 90}
			}
		},
		{
			"from": [1, 0, 3],
			"to": [2, 12, 13],
			"faces": {
				"east": {"uv": [3, 4, 13, 16], "texture": "#particle"},
				"west": {"uv": [13, 4, 3, 16], "texture": "#particle"}
			}
		}
	]
}