{
	"credit": "Made with Blockbench",
	"ambientocclusion": false,
	"textures": {
		"particle": "biomesoplenty:blocks/door_mahogany_upper"
	},
	"elements": [
		{
			"from": [0, 0, 12],
			"to": [3, 16, 16],
			"faces": {
				"north": {"uv": [3, 0, 0, 16], "texture": "#particle"},
				"east": {"uv": [0, 0, 4, 16], "texture": "#particle"},
				"south": {"uv": [0, 0, 3, 16], "texture": "#particle", "cullface": "south"},
				"west": {"uv": [4, 0, 0, 16], "texture": "#particle", "cullface": "west"},
				"up": {"uv": [0, 0, 4, 3], "texture": "#particle", "rotation": 270, "cullface": "up"}
			}
		},
		{
			"from": [0, 0, 0],
			"to": [3, 16, 4],
			"faces": {
				"north": {"uv": [3, 0, 0, 16], "texture": "#particle", "cullface": "north"},
				"east": {"uv": [12, 0, 16, 16], "texture": "#particle"},
				"south": {"uv": [0, 0, 3, 16], "texture": "#particle"},
				"west": {"uv": [16, 0, 12, 16], "texture": "#particle", "cullface": "west"},
				"up": {"uv": [12, 0, 16, 3], "texture": "#particle", "rotation": 270, "cullface": "up"}
			}
		},
		{
			"from": [0, 11, 4],
			"to": [3, 16, 12],
			"faces": {
				"east": {"uv": [4, 0, 12, 5], "texture": "#particle"},
				"west": {"uv": [12, 0, 4, 5], "texture": "#particle", "cullface": "west"},
				"up": {"uv": [4, 0, 12, 3], "texture": "#particle", "rotation": 270, "cullface": "up"},
				"down": {"uv": [4, 0, 12, 3], "texture": "#particle", "rotation": 90}
			}
		},
		{
			"from": [0, 10, 10],
			"to": [3, 11, 12],
			"faces": {
				"north": {"uv": [5, 5, 6, 6], "texture": "#particle"},
				"east": {"uv": [4, 5, 6, 6], "texture": "#particle"},
				"west": {"uv": [6, 5, 4, 6], "texture": "#particle", "cullface": "west"},
				"down": {"uv": [5, 5, 6, 6], "texture": "#particle", "rotation": 180}
			}
		},
		{
			"from": [0, 10, 4],
			"to": [3, 11, 6],
			"faces": {
				"east": {"uv": [10, 5, 12, 6], "texture": "#particle"},
				"south": {"uv": [10, 5, 11, 6], "texture": "#particle"},
				"west": {"uv": [12, 5, 10, 6], "texture": "#particle", "cullface": "west"},
				"down": {"uv": [10, 5, 11, 6], "texture": "#particle", "rotation": 180}
			}
		},
		{
			"from": [0, 9, 11],
			"to": [3, 10, 12],
			"faces": {
				"north": {"uv": [4, 6, 5, 7], "texture": "#particle"},
				"east": {"uv": [4, 6, 5, 7], "texture": "#particle"},
				"west": {"uv": [4, 6, 5, 7], "texture": "#particle", "cullface": "west"},
				"down": {"uv": [4, 6, 5, 7], "texture": "#particle", "rotation": 180}
			}
		},
		{
			"from": [0, 9, 4],
			"to": [3, 10, 5],
			"faces": {
				"east": {"uv": [11, 6, 12, 7], "texture": "#particle"},
				"south": {"uv": [11, 6, 12, 7], "texture": "#particle"},
				"west": {"uv": [11, 6, 12, 7], "texture": "#particle", "cullface": "west"},
				"down": {"uv": [11, 6, 12, 7], "texture": "#particle", "rotation": 180}
			}
		},
		{
			"from": [0, 0, 4],
			"to": [3, 3, 12],
			"faces": {
				"east": {"uv": [4, 13, 12, 16], "texture": "#particle"},
				"west": {"uv": [12, 13, 4, 16], "texture": "#particle", "cullface": "west"},
				"up": {"uv": [4, 1, 12, 4], "texture": "#particle", "rotation": 270}
			}
		},
		{
			"from": [0, 3, 10],
			"to": [3, 4, 12],
			"faces": {
				"north": {"uv": [5, 12, 6, 13], "texture": "#particle"},
				"east": {"uv": [4, 12, 6, 13], "texture": "#particle"},
				"west": {"uv": [6, 12, 4, 13], "texture": "#particle", "cullface": "west"},
				"up": {"uv": [5, 12, 6, 13], "texture": "#particle", "rotation": 180}
			}
		},
		{
			"from": [0, 3, 4],
			"to": [3, 4, 6],
			"faces": {
				"east": {"uv": [10, 12, 12, 13], "texture": "#particle"},
				"south": {"uv": [10, 12, 11, 13], "texture": "#particle"},
				"west": {"uv": [12, 12, 10, 13], "texture": "#particle", "cullface": "west"},
				"up": {"uv": [10, 12, 11, 13], "texture": "#particle", "rotation": 180}
			}
		},
		{
			"from": [0, 4, 11],
			"to": [3, 5, 12],
			"faces": {
				"north": {"uv": [4, 11, 5, 12], "texture": "#particle"},
				"east": {"uv": [4, 11, 5, 12], "texture": "#particle"},
				"west": {"uv": [4, 11, 5, 12], "texture": "#particle", "cullface": "west"},
				"up": {"uv": [4, 11, 5, 12], "texture": "#particle", "rotation": 180}
			}
		},
		{
			"from": [0, 4, 4],
			"to": [3, 5, 5],
			"faces": {
				"east": {"uv": [11, 11, 12, 12], "texture": "#particle"},
				"south": {"uv": [11, 11, 12, 12], "texture": "#particle"},
				"west": {"uv": [11, 11, 12, 12], "texture": "#particle", "cullface": "west"},
				"up": {"uv": [11, 11, 12, 12], "texture": "#particle", "rotation": 180}
			}
		},
		{
			"from": [1, 2, 3],
			"to": [2, 12, 13],
			"faces": {
				"east": {"uv": [3, 4, 13, 14], "texture": "#particle"},
				"west": {"uv": [3, 4, 13, 14], "texture": "#particle"}
			}
		}
	]
}