{
	"credit": "Made with Blockbench",
	"ambientocclusion": false,
	"textures": {
		"particle": "biomesoplenty:blocks/door_mangrove_lower"
	},
	"elements": [
		{
			"from": [0, 0, 12],
			"to": [3, 16, 16],
			"faces": {
				"north": {"uv": [1, 0, 4, 16], "texture": "#particle"},
				"east": {"uv": [0, 0, 4, 16], "texture": "#particle"},
				"south": {"uv": [0, 0, 3, 16], "texture": "#particle", "cullface": "south"},
				"west": {"uv": [4, 0, 0, 16], "texture": "#particle", "cullface": "west"},
				"down": {"uv": [13, 12, 16, 16], "texture": "#particle", "rotation": 180, "cullface": "down"}
			}
		},
		{
			"from": [0, 0, 0],
			"to": [3, 16, 4],
			"faces": {
				"north": {"uv": [3, 0, 0, 16], "texture": "#particle", "cullface": "north"},
				"east": {"uv": [12, 0, 16, 16], "texture": "#particle"},
				"south": {"uv": [4, 0, 1, 16], "texture": "#particle"},
				"west": {"uv": [16, 0, 12, 16], "texture": "#particle", "cullface": "west"},
				"down": {"uv": [13, 0, 16, 4], "texture": "#particle", "rotation": 180, "cullface": "down"}
			}
		},
		{
			"from": [0, 13, 4],
			"to": [3, 16, 12],
			"faces": {
				"east": {"uv": [4, 0, 12, 3], "texture": "#particle"},
				"west": {"uv": [12, 0, 4, 3], "texture": "#particle", "cullface": "west"},
				"down": {"uv": [4, 0, 12, 3], "texture": "#particle", "rotation": 90}
			}
		},
		{
			"from": [0, 0, 4],
			"to": [3, 4, 12],
			"faces": {
				"east": {"uv": [4, 12, 12, 16], "texture": "#particle"},
				"west": {"uv": [12, 12, 4, 16], "texture": "#particle", "cullface": "west"},
				"up": {"uv": [4, 12, 12, 15], "texture": "#particle", "rotation": 270},
				"down": {"uv": [13, 4, 16, 12], "texture": "#particle", "rotation": 180, "cullface": "down"}
			}
		},
		{
			"from": [1, 3, 3],
			"to": [2, 14, 13],
			"faces": {
				"east": {"uv": [3, 2, 13, 13], "texture": "#particle"},
				"west": {"uv": [13, 2, 3, 13], "texture": "#particle"}
			}
		}
	]
}