{
	"credit": "Made with Blockbench",
	"ambientocclusion": false,
	"textures": {
		"particle": "biomesoplenty:blocks/door_palm_upper"
	},
	"elements": [
		{
			"from": [0, 0, 0],
			"to": [3, 16, 3],
			"faces": {
				"north": {"uv": [3, 0, 0, 16], "texture": "#particle", "cullface": "north"},
				"east": {"uv": [3, 0, 0, 16], "texture": "#particle"},
				"south": {"uv": [0, 0, 3, 16], "texture": "#particle"},
				"west": {"uv": [0, 0, 3, 16], "texture": "#particle", "cullface": "west"},
				"up": {"uv": [0, 0, 3, 3], "texture": "#particle", "rotation": 90, "cullface": "up"}
			}
		},
		{
			"from": [0, 0, 13],
			"to": [3, 16, 16],
			"faces": {
				"north": {"uv": [3, 0, 0, 16], "texture": "#particle"},
				"east": {"uv": [16, 0, 13, 16], "texture": "#particle"},
				"south": {"uv": [0, 0, 3, 16], "texture": "#particle", "cullface": "south"},
				"west": {"uv": [13, 0, 16, 16], "texture": "#particle", "cullface": "west"},
				"up": {"uv": [13, 0, 16, 3], "texture": "#particle", "rotation": 90, "cullface": "up"}
			}
		},
		{
			"from": [0, 9, 3],
			"to": [3, 16, 13],
			"faces": {
				"east": {"uv": [13, 0, 3, 7], "texture": "#particle"},
				"west": {"uv": [3, 0, 13, 7], "texture": "#particle", "cullface": "west"},
				"up": {"uv": [3, 0, 13, 3], "texture": "#particle", "rotation": 90, "cullface": "up"},
				"down": {"uv": [3, 0, 13, 3], "texture": "#particle", "rotation": 270}
			}
		},
		{
			"from": [0, 0, 3],
			"to": [3, 5, 13],
			"faces": {
				"east": {"uv": [13, 11, 3, 16], "texture": "#particle"},
				"west": {"uv": [3, 11, 13, 16], "texture": "#particle", "cullface": "west"},
				"up": {"uv": [3, 0, 13, 3], "texture": "#particle", "rotation": 90}
			}
		},
		{
			"from": [1, 4, 2],
			"to": [2, 10, 14],
			"faces": {
				"east": {"uv": [2, 6, 14, 12], "texture": "#particle"},
				"west": {"uv": [2, 6, 14, 12], "texture": "#particle"}
			}
		}
	]
}