{
	"credit": "Made with Blockbench",
	"ambientocclusion": false,
	"textures": {
		"particle": "biomesoplenty:blocks/rivercane_0"
	},
	"elements": [
		{
			"from": [7, 0, 7],
			"to": [10, 16, 10],
			"faces": {
				"north": {"uv": [4, 0, 7, 16], "texture": "#particle"},
				"east": {"uv": [4, 0, 7, 16], "texture": "#particle"},
				"south": {"uv": [4, 0, 7, 16], "texture": "#particle"},
				"west": {"uv": [4, 0, 7, 16], "texture": "#particle"},
				"up": {"uv": [4, 13, 7, 16], "texture": "#particle"},
				"down": {"uv": [4, 13, 7, 16], "texture": "#particle"}
			}
		},
		{
			"from": [8, 6, 5],
			"to": [8, 13, 7],
			"faces": {
				"east": {"uv": [12, 9, 14, 16], "texture": "#particle"},
				"west": {"uv": [14, 9, 12, 16], "texture": "#particle"}
			}
		},
		{
			"from": [10, 2, 8],
			"to": [12, 15, 8],
			"faces": {
				"north": {"uv": [14, 1, 16, 14], "texture": "#particle"},
				"south": {"uv": [16, 1, 14, 14], "texture": "#particle"}
			}
		},
		{
			"from": [4, 0, 10],
			"to": [6, 16, 12],
			"faces": {
				"north": {"uv": [2, 0, 4, 16], "texture": "#particle"},
				"east": {"uv": [2, 0, 4, 16], "texture": "#particle"},
				"south": {"uv": [2, 0, 4, 16], "texture": "#particle"},
				"west": {"uv": [2, 0, 4, 16], "texture": "#particle"},
				"up": {"uv": [2, 14, 4, 16], "texture": "#particle"},
				"down": {"uv": [2, 14, 4, 16], "texture": "#particle"}
			}
		},
		{
			"from": [2, 1, 11],
			"to": [4, 15, 11],
			"faces": {
				"north": {"uv": [12, 1, 10, 15], "texture": "#particle"},
				"south": {"uv": [10, 1, 12, 15], "texture": "#particle"}
			}
		},
		{
			"from": [6, 7, 11],
			"to": [7, 9, 11],
			"faces": {
				"north": {"uv": [12, 7, 13, 9], "texture": "#particle"},
				"south": {"uv": [12, 7, 13, 9], "texture": "#particle"}
			}
		},
		{
			"from": [10, 0, 4],
			"to": [12, 16, 6],
			"faces": {
				"north": {"uv": [7, 0, 9, 16], "texture": "#particle"},
				"east": {"uv": [7, 0, 9, 16], "texture": "#particle"},
				"south": {"uv": [7, 0, 9, 16], "texture": "#particle"},
				"west": {"uv": [7, 0, 9, 16], "texture": "#particle"},
				"up": {"uv": [7, 14, 9, 16], "texture": "#particle"},
				"down": {"uv": [7, 14, 9, 16], "texture": "#particle"}
			}
		},
		{
			"from": [9, 11, 5],
			"to": [10, 13, 5],
			"faces": {
				"north": {"uv": [12, 7, 13, 9], "texture": "#particle"},
				"south": {"uv": [12, 7, 13, 9], "texture": "#particle"}
			}
		},
		{
			"from": [12, 1, 5],
			"to": [14, 7, 5],
			"faces": {
				"north": {"uv": [10, 1, 12, 7], "texture": "#particle"},
				"south": {"uv": [12, 1, 10, 7], "texture": "#particle"}
			}
		},
		{
			"from": [12, 0, 11],
			"to": [13, 16, 12],
			"faces": {
				"north": {"uv": [1, 0, 2, 16], "texture": "#particle"},
				"east": {"uv": [1, 0, 2, 16], "texture": "#particle"},
				"south": {"uv": [1, 0, 2, 16], "texture": "#particle"},
				"west": {"uv": [1, 0, 2, 16], "texture": "#particle"},
				"up": {"uv": [1, 0, 2, 1], "texture": "#particle"},
				"down": {"uv": [1, 1, 2, 2], "texture": "#particle"}
			}
		},
		{
			"from": [12.5, 4, 12],
			"to": [12.5, 13, 14],
			"faces": {
				"east": {"uv": [14, 0, 12, 9], "texture": "#particle"},
				"west": {"uv": [12, 0, 14, 9], "texture": "#particle"}
			}
		},
		{
			"from": [3, 0, 4],
			"to": [4, 16, 5],
			"faces": {
				"north": {"uv": [1, 0, 2, 16], "texture": "#particle"},
				"east": {"uv": [1, 0, 2, 16], "texture": "#particle"},
				"south": {"uv": [1, 0, 2, 16], "texture": "#particle"},
				"west": {"uv": [1, 0, 2, 16], "texture": "#particle"},
				"up": {"uv": [1, 0, 2, 1], "texture": "#particle"},
				"down": {"uv": [1, 1, 2, 2], "texture": "#particle"}
			}
		},
		{
			"from": [3.5, 2, 2],
			"to": [3.5, 11, 4],
			"faces": {
				"east": {"uv": [12, 0, 14, 9], "texture": "#particle"},
				"west": {"uv": [14, 0, 12, 9], "texture": "#particle"}
			}
		}
	]
}