{
	"credit": "Made with Blockbench",
	"ambientocclusion": false,
	"textures": {
		"particle": "biomesoplenty:blocks/door_umbran_upper"
	},
	"elements": [
		{
			"from": [0, 10, 0],
			"to": [3, 16, 16],
			"faces": {
				"north": {"uv": [3, 0, 0, 6], "texture": "#particle", "cullface": "north"},
				"east": {"uv": [0, 0, 16, 6], "texture": "#particle"},
				"south": {"uv": [0, 0, 3, 6], "texture": "#particle", "cullface": "south"},
				"west": {"uv": [16, 0, 0, 6], "texture": "#particle", "cullface": "west"},
				"up": {"uv": [0, 0, 16, 3], "texture": "#particle", "rotation": 270, "cullface": "up"},
				"down": {"uv": [0, 1, 16, 4], "texture": "#particle", "rotation": 90}
			}
		},
		{
			"from": [0, 0, 11],
			"to": [3, 10, 16],
			"faces": {
				"north": {"uv": [3, 6, 0, 16], "texture": "#particle"},
				"east": {"uv": [0, 6, 5, 16], "texture": "#particle"},
				"south": {"uv": [0, 6, 3, 16], "texture": "#particle", "cullface": "south"},
				"west": {"uv": [5, 6, 0, 16], "texture": "#particle", "cullface": "west"}
			}
		},
		{
			"from": [0, 0, 0],
			"to": [3, 10, 5],
			"faces": {
				"north": {"uv": [3, 6, 0, 16], "texture": "#particle", "cullface": "north"},
				"east": {"uv": [11, 6, 16, 16], "texture": "#particle"},
				"south": {"uv": [0, 6, 3, 16], "texture": "#particle"},
				"west": {"uv": [16, 6, 11, 16], "texture": "#particle", "cullface": "west"}
			}
		},
		{
			"from": [0, 0, 5],
			"to": [3, 1, 11],
			"faces": {
				"east": {"uv": [5, 15, 11, 16], "texture": "#particle"},
				"west": {"uv": [11, 15, 5, 16], "texture": "#particle", "cullface": "west"},
				"up": {"uv": [1, 6, 4, 12], "texture": "#particle", "rotation": 180}
			}
		},
		{
			"from": [0, 8, 7],
			"to": [3, 10, 11],
			"faces": {
				"north": {"uv": [3, 6, 0, 8], "texture": "#particle"},
				"east": {"uv": [5, 6, 9, 8], "texture": "#particle"},
				"west": {"uv": [9, 6, 5, 8], "texture": "#particle", "cullface": "west"},
				"down": {"uv": [12, 6, 15, 10], "texture": "#particle", "rotation": 180}
			}
		},
		{
			"from": [0, 4, 10],
			"to": [3, 8, 11],
			"faces": {
				"north": {"uv": [3, 8, 0, 12], "texture": "#particle"},
				"east": {"uv": [5, 8, 6, 12], "texture": "#particle"},
				"west": {"uv": [6, 8, 5, 12], "texture": "#particle", "cullface": "west"},
				"down": {"uv": [6, 7, 9, 8], "texture": "#particle", "rotation": 180}
			}
		},
		{
			"from": [0, 3, 5],
			"to": [3, 7, 6],
			"faces": {
				"east": {"uv": [10, 9, 11, 13], "texture": "#particle"},
				"south": {"uv": [0, 9, 3, 13], "texture": "#particle"},
				"west": {"uv": [11, 9, 10, 13], "texture": "#particle", "cullface": "west"},
				"up": {"uv": [11, 6, 12, 9], "texture": "#particle", "rotation": 270}
			}
		},
		{
			"from": [0, 1, 5],
			"to": [3, 3, 9],
			"faces": {
				"east": {"uv": [7, 13, 11, 15], "texture": "#particle"},
				"south": {"uv": [0, 13, 3, 15], "texture": "#particle"},
				"west": {"uv": [11, 13, 7, 15], "texture": "#particle", "cullface": "west"},
				"up": {"uv": [1, 8, 4, 12], "texture": "#particle", "rotation": 180}
			}
		}
	]
}