{
	"credit": "Made with Blockbench",
	"ambientocclusion": false,
	"textures": {
		"particle": "biomesoplenty:blocks/door_willow_lower"
	},
	"elements": [
		{
			"from": [0, 0, 13],
			"to": [3, 16, 16],
			"faces": {
				"north": {"uv": [3, 0, 0, 16], "texture": "#particle"},
				"east": {"uv": [0, 0, 3, 16], "texture": "#particle"},
				"south": {"uv": [0, 0, 3, 16], "texture": "#particle", "cullface": "south"},
				"west": {"uv": [3, 0, 0, 16], "texture": "#particle", "cullface": "west"},
				"down": {"uv": [0, 13, 3, 16], "texture": "#particle", "rotation": 90, "cullface": "down"}
			}
		},
		{
			"from": [0, 0, 0],
			"to": [3, 16, 3],
			"faces": {
				"north": {"uv": [3, 0, 0, 16], "texture": "#particle", "cullface": "north"},
				"east": {"uv": [13, 0, 16, 16], "texture": "#particle"},
				"south": {"uv": [0, 0, 3, 16], "texture": "#particle"},
				"west": {"uv": [16, 0, 13, 16], "texture": "#particle", "cullface": "west"},
				"down": {"uv": [13, 13, 16, 16], "texture": "#particle", "rotation": 90, "cullface": "down"}
			}
		},
		{
			"from": [0, 0, 12],
			"to": [3, 11, 13],
			"faces": {
				"north": {"uv": [3, 5, 0, 16], "texture": "#particle"},
				"east": {"uv": [3, 5, 4, 16], "texture": "#particle"},
				"west": {"uv": [4, 5, 3, 16], "texture": "#particle", "cullface": "west"},
				"up": {"uv": [3, 12, 4, 15], "texture": "#particle", "rotation": 270},
				"down": {"uv": [3, 13, 4, 16], "texture": "#particle", "rotation": 90, "cullface": "down"}
			}
		},
		{
			"from": [0, 0, 3],
			"to": [3, 11, 4],
			"faces": {
				"east": {"uv": [12, 5, 13, 16], "texture": "#particle"},
				"south": {"uv": [0, 5, 3, 16], "texture": "#particle"},
				"west": {"uv": [13, 5, 12, 16], "texture": "#particle", "cullface": "west"},
				"up": {"uv": [12, 12, 13, 15], "texture": "#particle", "rotation": 270},
				"down": {"uv": [12, 13, 13, 16], "texture": "#particle", "rotation": 90, "cullface": "down"}
			}
		},
		{
			"from": [0, 0, 11],
			"to": [3, 8, 12],
			"faces": {
				"north": {"uv": [3, 8, 0, 16], "texture": "#particle"},
				"east": {"uv": [4, 8, 5, 16], "texture": "#particle"},
				"west": {"uv": [5, 8, 4, 16], "texture": "#particle", "cullface": "west"},
				"up": {"uv": [4, 12, 5, 15], "texture": "#particle", "rotation": 270},
				"down": {"uv": [4, 13, 5, 16], "texture": "#particle", "rotation": 90, "cullface": "down"}
			}
		},
		{
			"from": [0, 0, 4],
			"to": [3, 8, 5],
			"faces": {
				"east": {"uv": [11, 8, 12, 16], "texture": "#particle"},
				"south": {"uv": [0, 8, 3, 16], "texture": "#particle"},
				"west": {"uv": [12, 8, 11, 16], "texture": "#particle", "cullface": "west"},
				"up": {"uv": [11, 12, 12, 15], "texture": "#particle", "rotation": 270},
				"down": {"uv": [11, 13, 12, 16], "texture": "#particle", "rotation": 90, "cullface": "down"}
			}
		},
		{
			"from": [0, 0, 9],
			"to": [3, 6, 11],
			"faces": {
				"north": {"uv": [3, 10, 0, 16], "texture": "#particle"},
				"east": {"uv": [5, 10, 7, 16], "texture": "#particle"},
				"west": {"uv": [7, 10, 5, 16], "texture": "#particle", "cullface": "west"},
				"up": {"uv": [5, 12, 7, 15], "texture": "#particle", "rotation": 270},
				"down": {"uv": [5, 13, 7, 16], "texture": "#particle", "rotation": 90, "cullface": "down"}
			}
		},
		{
			"from": [0, 0, 5],
			"to": [3, 6, 7],
			"faces": {
				"east": {"uv": [10, 10, 12, 16], "texture": "#particle"},
				"south": {"uv": [0, 10, 3, 16], "texture": "#particle"},
				"west": {"uv": [11, 10, 9, 16], "texture": "#particle", "cullface": "west"},
				"up": {"uv": [9, 12, 11, 15], "texture": "#particle", "rotation": 270},
				"down": {"uv": [9, 13, 11, 16], "texture": "#particle", "rotation": 90, "cullface": "down"}
			}
		},
		{
			"from": [0, 0, 7],
			"to": [3, 5, 9],
			"faces": {
				"east": {"uv": [7, 11, 9, 16], "texture": "#particle"},
				"west": {"uv": [9, 11, 7, 16], "texture": "#particle", "cullface": "west"},
				"up": {"uv": [7, 12, 9, 15], "texture": "#particle", "rotation": 270},
				"down": {"uv": [7, 13, 9, 16], "texture": "#particle", "rotation": 90, "cullface": "down"}
			}
		},
		{
			"from": [1, 4, 2],
			"to": [2, 16, 14],
			"faces": {
				"east": {"uv": [14, 0, 2, 12], "texture": "#particle"},
				"west": {"uv": [14, 0, 2, 12], "texture": "#particle"}
			}
		}
	]
}