{
	"credit": "Made with Blockbench",
	"ambientocclusion": false,
	"textures": {
		"particle": "biomesoplenty:blocks/door_willow_upper"
	},
	"elements": [
		{
			"from": [0, 0, 13],
			"to": [3, 16, 16],
			"faces": {
				"north": {"uv": [3, 0, 0, 16], "texture": "#particle"},
				"east": {"uv": [0, 0, 3, 16], "texture": "#particle"},
				"south": {"uv": [0, 0, 3, 16], "texture": "#particle", "cullface": "south"},
				"west": {"uv": [3, 0, 0, 16], "texture": "#particle", "cullface": "west"},
				"up": {"uv": [0, 0, 3, 3], "texture": "#particle", "rotation": 270, "cullface": "up"}
			}
		},
		{
			"from": [0, 0, 0],
			"to": [3, 16, 3],
			"faces": {
				"north": {"uv": [3, 0, 0, 16], "texture": "#particle", "cullface": "north"},
				"east": {"uv": [13, 0, 16, 16], "texture": "#particle"},
				"south": {"uv": [0, 0, 3, 16], "texture": "#particle"},
				"west": {"uv": [16, 0, 13, 16], "texture": "#particle", "cullface": "west"},
				"up": {"uv": [13, 0, 16, 3], "texture": "#particle", "rotation": 270, "cullface": "up"}
			}
		},
		{
			"from": [0, 8, 12],
			"to": [3, 16, 13],
			"faces": {
				"north": {"uv": [3, 0, 0, 8], "texture": "#particle"},
				"east": {"uv": [3, 0, 4, 8], "texture": "#particle"},
				"west": {"uv": [4, 0, 3, 8], "texture": "#particle", "cullface": "west"},
				"up": {"uv": [3, 0, 4, 3], "texture": "#particle", "rotation": 270, "cullface": "up"},
				"down": {"uv": [3, 0, 4, 3], "texture": "#particle", "rotation": 90}
			}
		},
		{
			"from": [0, 8, 3],
			"to": [3, 16, 4],
			"faces": {
				"east": {"uv": [12, 0, 13, 8], "texture": "#particle"},
				"south": {"uv": [0, 0, 3, 8], "texture": "#particle"},
				"west": {"uv": [13, 0, 12, 8], "texture": "#particle", "cullface": "west"},
				"up": {"uv": [12, 0, 13, 3], "texture": "#particle", "rotation": 270, "cullface": "up"},
				"down": {"uv": [12, 0, 13, 3], "texture": "#particle", "rotation": 90}
			}
		},
		{
			"from": [0, 10, 11],
			"to": [3, 16, 12],
			"faces": {
				"north": {"uv": [3, 0, 0, 6], "texture": "#particle"},
				"east": {"uv": [4, 0, 5, 6], "texture": "#particle"},
				"west": {"uv": [5, 0, 4, 6], "texture": "#particle", "cullface": "west"},
				"up": {"uv": [4, 0, 5, 3], "texture": "#particle", "rotation": 270, "cullface": "up"},
				"down": {"uv": [4, 0, 5, 3], "texture": "#particle", "rotation": 90}
			}
		},
		{
			"from": [0, 10, 4],
			"to": [3, 16, 5],
			"faces": {
				"east": {"uv": [11, 0, 12, 6], "texture": "#particle"},
				"south": {"uv": [0, 0, 3, 6], "texture": "#particle"},
				"west": {"uv": [12, 0, 11, 6], "texture": "#particle", "cullface": "west"},
				"up": {"uv": [11, 0, 12, 3], "texture": "#particle", "rotation": 270, "cullface": "up"},
				"down": {"uv": [11, 0, 12, 3], "texture": "#particle", "rotation": 90}
			}
		},
		{
			"from": [0, 11, 9],
			"to": [3, 16, 11],
			"faces": {
				"north": {"uv": [3, 0, 0, 5], "texture": "#particle"},
				"east": {"uv": [5, 0, 7, 5], "texture": "#particle"},
				"west": {"uv": [7, 0, 5, 5], "texture": "#particle", "cullface": "west"},
				"up": {"uv": [5, 0, 7, 3], "texture": "#particle", "rotation": 270, "cullface": "up"},
				"down": {"uv": [5, 0, 7, 3], "texture": "#particle", "rotation": 90}
			}
		},
		{
			"from": [0, 11, 5],
			"to": [3, 16, 7],
			"faces": {
				"east": {"uv": [9, 0, 11, 5], "texture": "#particle"},
				"south": {"uv": [0, 0, 3, 5], "texture": "#particle"},
				"west": {"uv": [11, 0, 9, 5], "texture": "#particle", "cullface": "west"},
				"up": {"uv": [9, 0, 11, 3], "texture": "#particle", "rotation": 270, "cullface": "up"},
				"down": {"uv": [9, 0, 11, 3], "texture": "#particle", "rotation": 90}
			}
		},
		{
			"from": [0, 12, 7],
			"to": [3, 16, 9],
			"faces": {
				"east": {"uv": [7, 0, 9, 4], "texture": "#particle"},
				"west": {"uv": [9, 0, 7, 4], "texture": "#particle", "cullface": "west"},
				"up": {"uv": [7, 0, 9, 3], "texture": "#particle", "rotation": 270, "cullface": "up"},
				"down": {"uv": [7, 0, 9, 3], "texture": "#particle", "rotation": 90}
			}
		},
		{
			"from": [1, 0, 2],
			"to": [2, 13, 14],
			"faces": {
				"east": {"uv": [2, 3, 14, 16], "texture": "#particle"},
				"west": {"uv": [14, 3, 2, 16], "texture": "#particle"}
			}
		}
	]
}