{
	"forge_marker": 1,
	"defaults": {
		"model": "forge:fluid",
		"transform": "forge:default-item"
	},
	"variants": {
		"type": {
			"air": { "custom": { "fluid": "ic2air" } },
			"biogas": { "custom": { "fluid": "ic2biogas" } },
			"biomass": { "custom": { "fluid": "ic2biomass" } },
			"construction_foam": { "custom": { "fluid": "ic2construction_foam" } },
			"coolant": { "custom": { "fluid": "ic2coolant" } },
			"creosote": { "custom": { "fluid": "ic2creosote" } },
			"distilled_water": { "custom": { "fluid": "ic2distilled_water" } },
			"heavy_water": { "custom": { "fluid": "ic2heavy_water" } },
			"hot_coolant": { "custom": { "fluid": "ic2hot_coolant" } },
			"hot_water": { "custom": { "fluid": "ic2hot_water" } },
			"hydrogen": { "custom": { "fluid": "ic2hydrogen" } },
			"oxygen": { "custom": { "fluid": "ic2oxygen" } },
			"pahoehoe_lava": { "custom": { "fluid": "ic2pahoehoe_lava" } },
			"steam": { "custom": { "fluid": "ic2steam" } },
			"superheated_steam": { "custom": { "fluid": "ic2superheated_steam" } },
			"uu_matter": { "custom": { "fluid": "ic2uu_matter" } },
			"weed_ex": { "custom": { "fluid": "ic2weed_ex" } },
			"milk" : { "custom": { "fluid": "ic2milk" } },

			"molten_brass": { "custom": { "fluid": "ic2molten_brass" }, "tintindex": 0 },
			"molten_bronze": { "custom": { "fluid": "ic2molten_bronze" }, "tintindex": 0 },
			"molten_copper": { "custom": { "fluid": "ic2molten_copper" }, "tintindex": 0 },
			"molten_gold": { "custom": { "fluid": "ic2molten_gold" }, "tintindex": 0 },
			"molten_iron": { "custom": { "fluid": "ic2molten_iron" }, "tintindex": 0 },
			"molten_lead": { "custom": { "fluid": "ic2molten_lead" }, "tintindex": 0 },
			"molten_silver": { "custom": { "fluid": "ic2molten_silver" }, "tintindex": 0 },
			"molten_steel": { "custom": { "fluid": "ic2molten_steel" }, "tintindex": 0 },
			"molten_tin": { "custom": { "fluid": "ic2molten_tin" }, "tintindex": 0 },
			"molten_zinc": { "custom": { "fluid": "ic2molten_zin" }, "tintindex": 0 }
		}
	}
}
