{
	"forge_marker": 1,
	"variants": {
		"type": {
			"invalid": { "model": "cube" },

			"barrel": { "model": "ic2:barrel" },
			"barrel_active": { "model": "ic2:barrel_tap" },

			"wall": { "model": "ic2:cf/wall" },

			"itnt": { "model": "ic2:explosive/itnt" },
			"nuke": { "model": "ic2:explosive/nuke" },

			"generator": { "model": "ic2:generator/electric/generator" },
			"generator_active": { "model": "ic2:generator/electric/generator_active" },
			"geo_generator": { "model": "ic2:generator/electric/geo_generator" },
			"geo_generator_active": { "model": "ic2:generator/electric/geo_generator_active" },
			"kinetic_generator": { "model": "ic2:generator/electric/kinetic_generator" },
			"kinetic_generator_active": { "model": "ic2:generator/electric/kinetic_generator_active" },
			"rt_generator": { "model": "ic2:generator/electric/rt_generator" },
			"rt_generator_active": { "model": "ic2:generator/electric/rt_generator_active" },
			"semifluid_generator": { "model": "ic2:generator/electric/semifluid_generator" },
			"semifluid_generator_active": { "model": "ic2:generator/electric/semifluid_generator_active" },
			"solar_generator": { "model": "ic2:generator/electric/solar_generator" },
			"solar_generator_active": { "model": "ic2:generator/electric/solar_generator" },
			"stirling_generator": { "model": "ic2:generator/electric/stirling_generator" },
			"stirling_generator_active": { "model": "ic2:generator/electric/stirling_generator_active" },
			"water_generator": { "model": "ic2:generator/electric/water_generator" },
			"water_generator_active": { "model": "ic2:generator/electric/water_generator" },
			"wind_generator": { "model": "ic2:generator/electric/wind_generator" },
			"wind_generator_active": { "model": "ic2:generator/electric/wind_generator" },

			"electric_heat_generator": { "model": "ic2:generator/heat/electric_heat_generator" },
			"electric_heat_generator_active": { "model": "ic2:generator/heat/electric_heat_generator_active" },
			"fluid_heat_generator": { "model": "ic2:generator/heat/fluid_heat_generator" },
			"fluid_heat_generator_active": { "model": "ic2:generator/heat/fluid_heat_generator_active" },
			"rt_heat_generator": { "model": "ic2:generator/heat/rt_heat_generator" },
			"rt_heat_generator_active": { "model": "ic2:generator/heat/rt_heat_generator_active" },
			"solid_heat_generator": { "model": "ic2:generator/heat/solid_heat_generator" },
			"solid_heat_generator_active": { "model": "ic2:generator/heat/solid_heat_generator_active" },

			"electric_kinetic_generator": { "model": "ic2:generator/kinetic/electric_kinetic_generator" },
			"electric_kinetic_generator_active": { "model": "ic2:generator/kinetic/electric_kinetic_generator" },
			"manual_kinetic_generator": { "model": "ic2:generator/kinetic/manual_kinetic_generator" },
			"steam_kinetic_generator": { "model": "ic2:generator/kinetic/steam_kinetic_generator" },
			"steam_kinetic_generator_active": { "model": "ic2:generator/kinetic/steam_kinetic_generator_active" },
			"stirling_kinetic_generator": { "model": "ic2:generator/kinetic/stirling_kinetic_generator" },
			"stirling_kinetic_generator_active": { "model": "ic2:generator/kinetic/stirling_kinetic_generator_active" },
			"water_kinetic_generator": { "model": "ic2:generator/kinetic/water_kinetic_generator" },
			"water_kinetic_generator_active": { "model": "ic2:generator/kinetic/water_kinetic_generator" },
			"wind_kinetic_generator": { "model": "ic2:generator/kinetic/wind_kinetic_generator" },
			"wind_kinetic_generator_active": { "model": "ic2:generator/kinetic/wind_kinetic_generator" },

			"nuclear_reactor": { "model": "ic2:generator/reactor/nuclear_reactor" },
			"nuclear_reactor_active": { "model": "ic2:generator/reactor/nuclear_reactor_active" },
			"reactor_access_hatch": { "model": "ic2:generator/reactor/reactor_access_hatch" },
			"reactor_chamber": { "model": "ic2:generator/reactor/reactor_chamber" },
			"reactor_fluid_port": { "model": "ic2:generator/reactor/reactor_fluid_port" },
			"reactor_redstone_port": { "model": "ic2:generator/reactor/reactor_redstone_port" },

			"condenser": { "model": "ic2:machine/fluid/condenser" },
			"condenser_active": { "model": "ic2:machine/fluid/condenser_active" },
			"fluid_bottler": { "model": "ic2:machine/fluid/fluid_bottler" },
			"fluid_bottler_active": { "model": "ic2:machine/fluid/fluid_bottler_active" },
			"fluid_distributor": { "model": "ic2:machine/fluid/fluid_distributor" },
			"fluid_distributor_active": { "model": "ic2:machine/fluid/fluid_distributor_active" },
			"fluid_regulator": { "model": "ic2:machine/fluid/fluid_regulator" },
			"fluid_regulator_active": { "model": "ic2:machine/fluid/fluid_regulator_active" },
			"liquid_heat_exchanger": { "model": "ic2:machine/fluid/liquid_heat_exchanger" },
			"liquid_heat_exchanger_active": { "model": "ic2:machine/fluid/liquid_heat_exchanger_active" },
			"pump": { "model": "ic2:machine/fluid/pump" },
			"pump_active": { "model": "ic2:machine/fluid/pump_active" },
			"solar_distiller": { "model": "ic2:machine/fluid/solar_distiller" },
			"steam_generator": { "model": "ic2:machine/fluid/steam_generator" },
			"steam_generator_active": { "model": "ic2:machine/fluid/steam_generator_active" },

			"item_buffer": { "model": "ic2:machine/misc/item_buffer" },
			"luminator_flat": { "model": "ic2:machine/misc/luminator_flat" },
			"luminator_flat_active": { "model": "ic2:machine/misc/luminator_flat_active" },
			"magnetizer": { "model": "ic2:machine/misc/magnetizer" },
			"sorting_machine": { "model": "ic2:machine/misc/sorting_machine" },
			"teleporter": { "model": "ic2:machine/misc/teleporter" },
			"teleporter_active": { "model": "ic2:machine/misc/teleporter_active" },
			"terraformer": { "model": "ic2:machine/misc/terraformer" },
			"terraformer_active": { "model": "ic2:machine/misc/terraformer_active" },
			"tesla_coil": { "model": "ic2:machine/misc/tesla_coil" },

			"canner": { "model": "ic2:machine/processing/basic/canner" },
			"canner_active": { "model": "ic2:machine/processing/basic/canner_active" },
			"compressor": { "model": "ic2:machine/processing/basic/compressor" },
			"compressor_active": { "model": "ic2:machine/processing/basic/compressor_active" },
			"electric_furnace": { "model": "ic2:machine/processing/basic/electric_furnace" },
			"electric_furnace_active": { "model": "ic2:machine/processing/basic/electric_furnace_active" },
			"extractor": { "model": "ic2:machine/processing/basic/extractor" },
			"extractor_active": { "model": "ic2:machine/processing/basic/extractor_active" },
			"iron_furnace": { "model": "ic2:machine/processing/basic/iron_furnace" },
			"iron_furnace_active": { "model": "ic2:machine/processing/basic/iron_furnace_active" },
			"macerator": { "model": "ic2:machine/processing/basic/macerator" },
			"macerator_active": { "model": "ic2:machine/processing/basic/macerator_active" },
			"recycler": { "model": "ic2:machine/processing/basic/recycler" },
			"recycler_active": { "model": "ic2:machine/processing/basic/recycler_active" },
			"solid_canner": { "model": "ic2:machine/processing/basic/solid_canner" },
			"solid_canner_active": { "model": "ic2:machine/processing/basic/solid_canner_active" },

			"blast_furnace": { "model": "ic2:machine/processing/advanced/blast_furnace" },
			"blast_furnace_active": { "model": "ic2:machine/processing/advanced/blast_furnace_active" },
			"block_cutter": { "model": "ic2:machine/processing/advanced/block_cutter" },
			"block_cutter_active": { "model": "ic2:machine/processing/advanced/block_cutter_active" },
			"centrifuge": { "model": "ic2:machine/processing/advanced/centrifuge" },
			"centrifuge_active": { "model": "ic2:machine/processing/advanced/centrifuge_active" },
			"fermenter": { "model": "ic2:machine/processing/advanced/fermenter" },
			"fermenter_active": { "model": "ic2:machine/processing/advanced/fermenter_active" },
			"induction_furnace": { "model": "ic2:machine/processing/advanced/induction_furnace" },
			"induction_furnace_active": { "model": "ic2:machine/processing/advanced/induction_furnace_active" },
			"lathe": { "model": "ic2:machine/processing/advanced/lathe" },
			"lathe_active": { "model": "ic2:machine/processing/advanced/lathe_active" },
			"metal_former": { "model": "ic2:machine/processing/advanced/metal_former" },
			"metal_former_active": { "model": "ic2:machine/processing/advanced/metal_former_active" },
			"ore_washing_plant": { "model": "ic2:machine/processing/advanced/ore_washing_plant" },
			"ore_washing_plant_active": { "model": "ic2:machine/processing/advanced/ore_washing_plant_active" },

			"advanced_miner": { "model": "ic2:machine/resource/advanced_miner" },
			"advanced_miner_active": { "model": "ic2:machine/resource/advanced_miner_active" },
			"crop_harvester": { "model": "ic2:machine/resource/crop_harvester" },
			"cropmatron": { "model": "ic2:machine/resource/cropmatron" },
			"miner": { "model": "ic2:machine/resource/miner" },
			"miner_active": { "model": "ic2:machine/resource/miner_active" },

			"matter_generator": { "model": "ic2:machine/uu/matter_generator" },
			"matter_generator_active": { "model": "ic2:machine/uu/matter_generator_active" },
			"pattern_storage": { "model": "ic2:machine/uu/pattern_storage" },
			"replicator": { "model": "ic2:machine/uu/replicator" },
			"replicator_active": { "model": "ic2:machine/uu/replicator_active" },
			"scanner": { "model": "ic2:machine/uu/scanner" },
			"scanner_active": { "model": "ic2:machine/uu/scanner" },

			"energy_o_mat": { "model": "ic2:personal/energy_o_mat" },
			"personal_chest": { "model": "ic2:personal/personal_chest" },
			"trade_o_mat": { "model": "ic2:personal/trade_o_mat" },
			"trade_o_mat_active": { "model": "ic2:personal/wireless_trade_o_mat" },
			"trading_terminal": { "model": "ic2:personal/trading_terminal" },

			"cable": { "model": "ic2:wiring/cable" },
			"detector_cable": { "model": "ic2:wiring/cable" },
			"splitter_cable": { "model": "ic2:wiring/cable" },

			"chargepad_batbox": { "model": "ic2:wiring/chargepad/chargepad_batbox" },
			"chargepad_batbox_active": { "model": "ic2:wiring/chargepad/chargepad_batbox_active" },
			"chargepad_cesu": { "model": "ic2:wiring/chargepad/chargepad_cesu" },
			"chargepad_cesu_active": { "model": "ic2:wiring/chargepad/chargepad_cesu_active" },
			"chargepad_mfe": { "model": "ic2:wiring/chargepad/chargepad_mfe" },
			"chargepad_mfe_active": { "model": "ic2:wiring/chargepad/chargepad_mfe_active" },
			"chargepad_mfsu": { "model": "ic2:wiring/chargepad/chargepad_mfsu" },
			"chargepad_mfsu_active": { "model": "ic2:wiring/chargepad/chargepad_mfsu_active" },

			"batbox": { "model": "ic2:wiring/storage/batbox" },
			"cesu": { "model": "ic2:wiring/storage/cesu" },
			"mfe": { "model": "ic2:wiring/storage/mfe" },
			"mfsu": { "model": "ic2:wiring/storage/mfsu" },
			"electrolyzer": { "model": "ic2:wiring/storage/electrolyzer" },
			"electrolyzer_active": { "model": "ic2:wiring/storage/electrolyzer_active" },

			"lv_transformer": { "model": "ic2:wiring/transformer/lv_transformer" },
			"mv_transformer": { "model": "ic2:wiring/transformer/mv_transformer" },
			"hv_transformer": { "model": "ic2:wiring/transformer/hv_transformer" },
			"ev_transformer": { "model": "ic2:wiring/transformer/ev_transformer" },

			"tank": { "model": "ic2:machine/fluid/tank" },
			
			"chunk_loader": { "model": "ic2:machine/chunk_loader" },
			"chunk_loader_active": { "model": "ic2:machine/chunk_loader_active" },

			"item_buffer_2": { "model": "ic2:machine/misc/item_buffer_2" },

			"rci_rsh": { "model": "ic2:machine/misc/rci_rsh" },
			"rci_rsh_active": { "model": "ic2:machine/misc/rci_rsh_active" },
			"rci_lzh": { "model": "ic2:machine/misc/rci_lzh" },
			"rci_lzh_active": { "model": "ic2:machine/misc/rci_lzh_active" },

			"crop": { "model": "ic2:crop/crop" },
			
			"creative_generator": { "model": "ic2:generator/electric/creative_generator" },
			"creative_generator_active": { "model": "ic2:generator/electric/creative_generator_active" },

			"steam_repressurizer": { "model": "ic2:machine/fluid/steam_repressurizer" },
			"steam_repressurizer_active": { "model": "ic2:machine/fluid/steam_repressurizer_active" },

			"industrial_workbench": {"model": "ic2:machine/misc/industrial_workbench"},
			"batch_crafter": {"model": "ic2:machine/misc/batch_crafter"},
			"batch_crafter_active": {"model": "ic2:machine/misc/batch_crafter_active"},

			"weighted_fluid_distributor": {"model": "ic2:machine/fluid/weighted_fluid_distributor"},
			"weighted_item_distributor": {"model": "ic2:machine/misc/weighted_item_distributor"},

			"mass_fabricator": {"model": "ic2:machine/uu/mass_fabricator"},
			"mass_fabricator_active": {"model": "ic2:machine/uu/mass_fabricator_active"},
			"uu_assembly_bench": {"model": "ic2:machine/uu/uu_assembly_bench"},
			"uu_assembly_bench_active": {"model": "ic2:machine/uu/uu_assembly_bench_active"},

			"coke_kiln": {"model": "ic2:machine/steam/coke_kiln", "uvlock": true},
			"coke_kiln_active": {"model": "ic2:machine/steam/coke_kiln_active", "uvlock": true},
			"coke_kiln_hatch": {"model": "ic2:machine/steam/coke_kiln_hatch", "uvlock": true},
			"coke_kiln_grate": {"model": "ic2:machine/steam/coke_kiln_grate", "uvlock": true},

			"crucible": {"model": "ic2:machine/steam/coke_kiln", "uvlock": true},
			"crucible_active": {"model": "ic2:machine/steam/coke_kiln_active", "uvlock": true},

			"burning_box": { "model": "ic2:refractory_bricks", "uvlock": true },
			"burning_box_active": {"model": "ic2:machine/steam/burning_box_active", "uvlock": true},

			"crusher": { "model": "ic2:refractory_bricks" },
			"crusher_active": { "model": "ic2:refractory_bricks" },

			"steam_engine": { "model": "ic2:generator/kinetic/steam_kinetic_generator" },
			"steam_engine_active": { "model": "ic2:generator/kinetic/steam_kinetic_generator_active" },

			"wooden_storage_box": { "model": "ic2:storage_box", "uvlock": true },
			"iron_storage_box": { "model": "ic2:storage_box", "uvlock": true },
			"bronze_storage_box": { "model": "ic2:storage_box", "uvlock": true },
			"steel_storage_box": { "model": "ic2:storage_box", "uvlock": true },
			"iridium_storage_box": { "model": "ic2:iridium_storage_box", "uvlock": true },

			"bronze_tank": { "model": "ic2:bronze_tank", "uvlock": true },
			"iron_tank": { "model": "ic2:tank", "uvlock": true },
			"steel_tank": { "model": "ic2:tank", "uvlock": true },
			"iridium_tank": { "model": "ic2:tank", "uvlock": true },

			"fluid_pipe": {"model": "ic2:transport/item_pipe"}
		},
		"facing": {
			"down": { "x": 90 },
			"up": { "x": 270 },
			"north": { "transform": "forge:default-block" },
			"south": { "y": 180 },
			"west": { "y": 270 },
			"east": { "y": 90 }
		},
		"inventory": [{}]
	}
}

