{
    "variants": {
        "snowy=false,variant=overgrown_stone": [
            { "model": "biomesoplenty:overgrown_stone" },
            { "model": "biomesoplenty:overgrown_stone", "y": 90 },
            { "model": "biomesoplenty:overgrown_stone", "y": 180 },
            { "model": "biomesoplenty:overgrown_stone", "y": 270 }
        	],
        "snowy=true,variant=overgrown_stone": [
            { "model": "biomesoplenty:overgrown_stone_snowed" },
            { "model": "biomesoplenty:overgrown_stone_snowed", "y": 90 },
            { "model": "biomesoplenty:overgrown_stone_snowed", "y": 180 },
            { "model": "biomesoplenty:overgrown_stone_snowed", "y": 270 }
        	],       	
        "snowy=false,variant=spectral_moss": [
            { "model": "biomesoplenty:spectral_moss" },
            { "model": "biomesoplenty:spectral_moss", "y": 90 },
            { "model": "biomesoplenty:spectral_moss", "y": 180 },
            { "model": "biomesoplenty:spectral_moss", "y": 270 }
        	],
        "snowy=true,variant=spectral_moss": [
            { "model": "biomesoplenty:spectral_moss" },
            { "model": "biomesoplenty:spectral_moss", "y": 90 },
            { "model": "biomesoplenty:spectral_moss", "y": 180 },
            { "model": "biomesoplenty:spectral_moss", "y": 270 }
        	],        	
        "snowy=false,variant=loamy": [
            { "model": "biomesoplenty:loamy_grass_block", "weight": 6 },
            { "model": "biomesoplenty:loamy_grass_block", "y": 90, "weight": 6 },
            { "model": "biomesoplenty:loamy_grass_block", "y": 180, "weight": 6 },
            { "model": "biomesoplenty:loamy_grass_block", "y": 270, "weight": 6 },
            { "model": "biomesoplenty:loamy_grass_block_0", "weight": 3 },
            { "model": "biomesoplenty:loamy_grass_block_0", "y": 90, "weight": 3 },
            { "model": "biomesoplenty:loamy_grass_block_0", "y": 180, "weight": 3 },
            { "model": "biomesoplenty:loamy_grass_block_0", "y": 270, "weight": 3 },
            { "model": "biomesoplenty:loamy_grass_block_1", "weight": 2 },
            { "model": "biomesoplenty:loamy_grass_block_1", "y": 90, "weight": 2 },
            { "model": "biomesoplenty:loamy_grass_block_1", "y": 180, "weight": 2 },
            { "model": "biomesoplenty:loamy_grass_block_1", "y": 270, "weight": 2 },
            { "model": "biomesoplenty:loamy_grass_block_2", "weight": 1 },
            { "model": "biomesoplenty:loamy_grass_block_2", "y": 90, "weight": 1 },
            { "model": "biomesoplenty:loamy_grass_block_2", "y": 180, "weight": 1 },
            { "model": "biomesoplenty:loamy_grass_block_2", "y": 270, "weight": 1 }
        	],
        "snowy=true,variant=loamy": [
            { "model": "biomesoplenty:loamy_grass_block_snowed" },
            { "model": "biomesoplenty:loamy_grass_block_snowed", "y": 90 },
            { "model": "biomesoplenty:loamy_grass_block_snowed", "y": 180 },
            { "model": "biomesoplenty:loamy_grass_block_snowed", "y": 270 }
        	],        	
        "snowy=false,variant=sandy": [
            { "model": "biomesoplenty:sandy_grass_block", "weight": 6 },
            { "model": "biomesoplenty:sandy_grass_block", "y": 90, "weight": 6 },
            { "model": "biomesoplenty:sandy_grass_block", "y": 180, "weight": 6 },
            { "model": "biomesoplenty:sandy_grass_block", "y": 270, "weight": 6 },
            { "model": "biomesoplenty:sandy_grass_block_0", "weight": 3 },
            { "model": "biomesoplenty:sandy_grass_block_0", "y": 90, "weight": 3 },
            { "model": "biomesoplenty:sandy_grass_block_0", "y": 180, "weight": 3 },
            { "model": "biomesoplenty:sandy_grass_block_0", "y": 270, "weight": 3 },
            { "model": "biomesoplenty:sandy_grass_block_1", "weight": 2 },
            { "model": "biomesoplenty:sandy_grass_block_1", "y": 90, "weight": 2 },
            { "model": "biomesoplenty:sandy_grass_block_1", "y": 180, "weight": 2 },
            { "model": "biomesoplenty:sandy_grass_block_1", "y": 270, "weight": 2 },
            { "model": "biomesoplenty:sandy_grass_block_2", "weight": 1 },
            { "model": "biomesoplenty:sandy_grass_block_2", "y": 90, "weight": 1 },
            { "model": "biomesoplenty:sandy_grass_block_2", "y": 180, "weight": 1 },
            { "model": "biomesoplenty:sandy_grass_block_2", "y": 270, "weight": 1 }
        	],
        "snowy=true,variant=sandy": [
            { "model": "biomesoplenty:sandy_grass_block_snowed" },
            { "model": "biomesoplenty:sandy_grass_block_snowed", "y": 90 },
            { "model": "biomesoplenty:sandy_grass_block_snowed", "y": 180 },
            { "model": "biomesoplenty:sandy_grass_block_snowed", "y": 270 }
        	],        	
        "snowy=false,variant=silty": [
            { "model": "biomesoplenty:silty_grass_block", "weight": 6 },
            { "model": "biomesoplenty:silty_grass_block", "y": 90, "weight": 6 },
            { "model": "biomesoplenty:silty_grass_block", "y": 180, "weight": 6 },
            { "model": "biomesoplenty:silty_grass_block", "y": 270, "weight": 6 },
            { "model": "biomesoplenty:silty_grass_block_0", "weight": 3 },
            { "model": "biomesoplenty:silty_grass_block_0", "y": 90, "weight": 3 },
            { "model": "biomesoplenty:silty_grass_block_0", "y": 180, "weight": 3 },
            { "model": "biomesoplenty:silty_grass_block_0", "y": 270, "weight": 3 },
            { "model": "biomesoplenty:silty_grass_block_1", "weight": 2 },
            { "model": "biomesoplenty:silty_grass_block_1", "y": 90, "weight": 2 },
            { "model": "biomesoplenty:silty_grass_block_1", "y": 180, "weight": 2 },
            { "model": "biomesoplenty:silty_grass_block_1", "y": 270, "weight": 2 },
            { "model": "biomesoplenty:silty_grass_block_2", "weight": 1 },
            { "model": "biomesoplenty:silty_grass_block_2", "y": 90, "weight": 1 },
            { "model": "biomesoplenty:silty_grass_block_2", "y": 180, "weight": 1 },
            { "model": "biomesoplenty:silty_grass_block_2", "y": 270, "weight": 1 }
        	],
        "snowy=true,variant=silty": [
            { "model": "biomesoplenty:silty_grass_block_snowed" },
            { "model": "biomesoplenty:silty_grass_block_snowed", "y": 90 },
            { "model": "biomesoplenty:silty_grass_block_snowed", "y": 180 },
            { "model": "biomesoplenty:silty_grass_block_snowed", "y": 270 }
        	],
        "snowy=false,variant=origin": [
            { "model": "biomesoplenty:origin_grass_block" }
        	],
        "snowy=true,variant=origin": [
            { "model": "biomesoplenty:origin_grass_block_snowed" }
        	],
        "snowy=false,variant=overgrown_netherrack": [
            { "model": "biomesoplenty:overgrown_netherrack" },
            { "model": "biomesoplenty:overgrown_netherrack", "y": 90 },
            { "model": "biomesoplenty:overgrown_netherrack", "y": 180 },
            { "model": "biomesoplenty:overgrown_netherrack", "y": 270 }
        	],
        "snowy=true,variant=overgrown_netherrack":  [
            { "model": "biomesoplenty:overgrown_netherrack" },
            { "model": "biomesoplenty:overgrown_netherrack", "y": 90 },
            { "model": "biomesoplenty:overgrown_netherrack", "y": 180 },
            { "model": "biomesoplenty:overgrown_netherrack", "y": 270 }
        	],
        "snowy=false,variant=daisy": [
            { "model": "biomesoplenty:daisy_grass_block" },
            { "model": "biomesoplenty:daisy_grass_block", "y": 90 },
            { "model": "biomesoplenty:daisy_grass_block", "y": 180 },
            { "model": "biomesoplenty:daisy_grass_block", "y": 270 }
        	],
        "snowy=true,variant=daisy": [
            { "model": "biomesoplenty:daisy_grass_block_snowed" },
            { "model": "biomesoplenty:daisy_grass_block_snowed", "y": 90 },
            { "model": "biomesoplenty:daisy_grass_block_snowed", "y": 180 },
            { "model": "biomesoplenty:daisy_grass_block_snowed", "y": 270 }
        	],
	"snowy=false,variant=mycelial_netherrack": [
            { "model": "biomesoplenty:mycelial_netherrack" },
            { "model": "biomesoplenty:mycelial_netherrack", "y": 90 },
            { "model": "biomesoplenty:mycelial_netherrack", "y": 180 },
            { "model": "biomesoplenty:mycelial_netherrack", "y": 270 }
        	],
        "snowy=true,variant=mycelial_netherrack":  [
            { "model": "biomesoplenty:mycelial_netherrack" },
            { "model": "biomesoplenty:mycelial_netherrack", "y": 90 },
            { "model": "biomesoplenty:mycelial_netherrack", "y": 180 },
            { "model": "biomesoplenty:mycelial_netherrack", "y": 270 }
        	]
    }
}
