{
    "__createdwith": "opl's Model Creator",
    "ambientocclusion": false,
    "textures": {
        "particle": "thaumcraft:blocks/alembic_normal",
        "side": "thaumcraft:blocks/alembic_normal"
    },
    "elements": [
        {
            "from": [3,3,3],
            "to": [13,13,13],
            "faces": {
                "up": {
                    "uv": [7,1,12,6],
                    "texture": "#side"
                },
                "down": {
                    "uv": [7,1,12,6],
                    "texture": "#side",
                    "rotation": 90
                }
            }
        },
        {
            "from": [2,2,13],
            "to": [6,14,14],
            "faces": {
                "up": {
                    "uv": [0.5,0,2.5,0.5],
                    "texture": "#side"
                },
                "down": {
                    "uv": [0.5,5.5,2.5,6],
                    "texture": "#side"
                },
                "west": {
                    "uv": [0.5,0.5,1,6.5],
                    "texture": "#side"
                },
                "east": {
                    "uv": [6,0.5,6.5,6.5],
                    "texture": "#side"
                },
                "north": {
                    "uv": [0.5,0.5,2.5,6.5],
                    "texture": "#side"
                },
                "south": {
                    "uv": [0.5,0.5,2.5,6.5],
                    "texture": "#side"
                }
            }
        },
        {
            "from": [13,1.5,3],
            "to": [14,13.5,6],
            "faces": {
                "up": {
                    "uv": [4,0,5.5,0.5],
                    "texture": "#side",
                    "rotation": 90
                },
                "down": {
                    "uv": [0.5,6,2,6.5],
                    "texture": "#side",
                    "rotation": 90
                },
                "west": {
                    "uv": [1,0.75,2.5,6.75],
                    "texture": "#side"
                },
                "east": {
                    "uv": [4.5,0.75,6,6.75],
                    "texture": "#side"
                },
                "north": {
                    "uv": [6,0.75,6.5,6.75],
                    "texture": "#side"
                },
                "south": {
                    "uv": [0.5,0.75,1,6.75],
                    "texture": "#side"
                }
            }
        },
        {
            "from": [5,0,5],
            "to": [11,16,11],
            "faces": {
                "up": {
                    "uv": [0.5,7,3.5,10],
                    "texture": "#side"
                },
                "down": {
                    "uv": [0.5,7,3.5,10],
                    "texture": "#side"
                },
                "west": {
                    "uv": [13,0,16,8],
                    "texture": "#side"
                },
                "east": {
                    "uv": [13,0,16,8],
                    "texture": "#side"
                },
                "north": {
                    "uv": [13,0,16,8],
                    "texture": "#side"
                },
                "south": {
                    "uv": [13,0,16,8],
                    "texture": "#side"
                }
            }
        },
        {
            "from": [6,1.5,13],
            "to": [10,13.5,14],
            "faces": {
                "up": {
                    "uv": [2.5,0,4.5,0.5],
                    "texture": "#side"
                },
                "down": {
                    "uv": [2.5,5.5,4.5,6],
                    "texture": "#side"
                },
                "west": {
                    "uv": [0.5,0.5,1,6.5],
                    "texture": "#side"
                },
                "east": {
                    "uv": [6,0.5,6.5,6.5],
                    "texture": "#side"
                },
                "north": {
                    "uv": [2.5,0.75,4.5,6.75],
                    "texture": "#side"
                },
                "south": {
                    "uv": [2.5,0.75,4.5,6.75],
                    "texture": "#side"
                }
            }
        },
        {
            "from": [10,2,13],
            "to": [13,14,14],
            "faces": {
                "up": {
                    "uv": [4.5,0,6,0.5],
                    "texture": "#side"
                },
                "down": {
                    "uv": [4.5,6,6,6.5],
                    "texture": "#side"
                },
                "west": {
                    "uv": [0.5,0.5,1,6.5],
                    "texture": "#side"
                },
                "east": {
                    "uv": [6,0.5,6.5,6.5],
                    "texture": "#side"
                },
                "north": {
                    "uv": [4.5,0.5,6.5,6.5],
                    "texture": "#side"
                },
                "south": {
                    "uv": [4.5,0.5,6,6.5],
                    "texture": "#side"
                }
            }
        },
        {
            "from": [2,2,2],
            "to": [6,14,3],
            "faces": {
                "up": {
                    "uv": [0.5,0,2.5,0.5],
                    "texture": "#side"
                },
                "down": {
                    "uv": [0.5,5.5,2.5,6],
                    "texture": "#side"
                },
                "west": {
                    "uv": [0.5,0.5,1,6.5],
                    "texture": "#side"
                },
                "east": {
                    "uv": [6,0.5,6.5,6.5],
                    "texture": "#side"
                },
                "north": {
                    "uv": [0.5,0.5,2.5,6.5],
                    "texture": "#side"
                },
                "south": {
                    "uv": [0.5,0.5,2.5,6.5],
                    "texture": "#side"
                }
            }
        },
        {
            "from": [6,1.5,2],
            "to": [10,13.5,3],
            "faces": {
                "up": {
                    "uv": [2.5,0,4.5,0.5],
                    "texture": "#side"
                },
                "down": {
                    "uv": [2.5,5.5,4.5,6],
                    "texture": "#side"
                },
                "west": {
                    "uv": [0.5,0.5,1,6.5],
                    "texture": "#side"
                },
                "east": {
                    "uv": [6,0.5,6.5,6.5],
                    "texture": "#side"
                },
                "north": {
                    "uv": [2.5,0.75,4.5,6.75],
                    "texture": "#side"
                },
                "south": {
                    "uv": [2.5,0.75,4.5,6.75],
                    "texture": "#side"
                }
            }
        },
        {
            "from": [10,2,2],
            "to": [14,14,3],
            "faces": {
                "up": {
                    "uv": [4.5,0,6.5,0.5],
                    "texture": "#side"
                },
                "down": {
                    "uv": [4.5,5.5,6.5,6],
                    "texture": "#side"
                },
                "west": {
                    "uv": [0.5,0.5,1,6.5],
                    "texture": "#side"
                },
                "east": {
                    "uv": [6,0.5,6.5,6.5],
                    "texture": "#side"
                },
                "north": {
                    "uv": [4.5,0.5,6.5,6.5],
                    "texture": "#side"
                },
                "south": {
                    "uv": [4.5,0.5,6.5,6.5],
                    "texture": "#side"
                }
            }
        },
        {
            "from": [2,1.5,3],
            "to": [3,13.5,6],
            "faces": {
                "up": {
                    "uv": [4,0,5.5,0.5],
                    "texture": "#side",
                    "rotation": 90
                },
                "down": {
                    "uv": [0.5,5.5,2,6],
                    "texture": "#side",
                    "rotation": 90
                },
                "west": {
                    "uv": [1,0.75,2.5,6.75],
                    "texture": "#side"
                },
                "east": {
                    "uv": [4.5,0.75,6,6.75],
                    "texture": "#side"
                },
                "north": {
                    "uv": [6,0.75,6.5,6.75],
                    "texture": "#side"
                },
                "south": {
                    "uv": [0.5,0.75,1,6.75],
                    "texture": "#side"
                }
            }
        },
        {
            "from": [2,1.5,10],
            "to": [3,13.5,13],
            "faces": {
                "up": {
                    "uv": [4,0,5.5,0.5],
                    "texture": "#side",
                    "rotation": 90
                },
                "down": {
                    "uv": [4,5.5,5.5,6],
                    "texture": "#side",
                    "rotation": 90
                },
                "west": {
                    "uv": [1,0.75,2.5,6.75],
                    "texture": "#side"
                },
                "east": {
                    "uv": [4.5,0.75,6,6.75],
                    "texture": "#side"
                },
                "north": {
                    "uv": [6,0.75,6.5,6.75],
                    "texture": "#side"
                },
                "south": {
                    "uv": [0.5,0.75,1,6.75],
                    "texture": "#side"
                }
            }
        },
        {
            "from": [13,1.5,10],
            "to": [14,13.5,14],
            "faces": {
                "up": {
                    "uv": [0.5,0,2.5,0.5],
                    "texture": "#side",
                    "rotation": 90
                },
                "down": {
                    "uv": [3.5,5.5,5.5,6],
                    "texture": "#side",
                    "rotation": 90
                },
                "west": {
                    "uv": [1,0.75,2.5,6.75],
                    "texture": "#side"
                },
                "east": {
                    "uv": [4.5,0.75,6.5,6.75],
                    "texture": "#side"
                },
                "north": {
                    "uv": [6,0.75,6.5,6.75],
                    "texture": "#side"
                },
                "south": {
                    "uv": [5,0.75,5.5,6.75],
                    "texture": "#side"
                }
            }
        },
        {
            "from": [13,2,6],
            "to": [14,14,10],
            "faces": {
                "up": {
                    "uv": [2.5,0,4.5,0.5],
                    "texture": "#side",
                    "rotation": 90
                },
                "down": {
                    "uv": [2.5,6.5,4.5,7],
                    "texture": "#side",
                    "rotation": 90
                },
                "west": {
                    "uv": [2.5,0.5,4.5,6.5],
                    "texture": "#side"
                },
                "east": {
                    "uv": [2.5,0.5,4.5,6.5],
                    "texture": "#side"
                },
                "north": {
                    "uv": [6,0.75,6.5,6.75],
                    "texture": "#side"
                },
                "south": {
                    "uv": [0.5,0.75,1,6.75],
                    "texture": "#side"
                }
            }
        },
        {
            "from": [2,2,6],
            "to": [3,14,10],
            "faces": {
                "up": {
                    "uv": [2.5,0,4.5,0.5],
                    "texture": "#side",
                    "rotation": 90
                },
                "down": {
                    "uv": [2.5,6.5,4.5,7],
                    "texture": "#side",
                    "rotation": 90
                },
                "west": {
                    "uv": [2.5,0.5,4.5,6.5],
                    "texture": "#side"
                },
                "east": {
                    "uv": [2.5,0.5,4.5,6.5],
                    "texture": "#side"
                },
                "north": {
                    "uv": [6,0.75,6.5,6.75],
                    "texture": "#side"
                },
                "south": {
                    "uv": [0.5,0.75,1,6.75],
                    "texture": "#side"
                }
            }
        },
        {
            "from": [3,13,7],
            "to": [13,15,9],
            "faces": {
                "up": {
                    "uv": [1.5,15,6.5,16],
                    "texture": "#side"
                },
                "west": {
                    "uv": [0,15,1,16],
                    "texture": "#side"
                },
                "east": {
                    "uv": [0,15,1,16],
                    "texture": "#side"
                },
                "north": {
                    "uv": [1.5,15,6.5,16],
                    "texture": "#side"
                },
                "south": {
                    "uv": [1.5,15,6.5,16],
                    "texture": "#side"
                }
            }
        },
        {
            "from": [7,13,3],
            "to": [9,15,13],
            "faces": {
                "up": {
                    "uv": [7,11,8,16],
                    "texture": "#side"
                },
                "west": {
                    "uv": [1.5,15,6.5,16],
                    "texture": "#side"
                },
                "east": {
                    "uv": [1.5,15,6.5,16],
                    "texture": "#side"
                },
                "north": {
                    "uv": [0,15,1,16],
                    "texture": "#side"
                },
                "south": {
                    "uv": [0,15,1,16],
                    "texture": "#side"
                }
            }
        }
    ]
}