{
    "textures": {
        "0": "draconicevolution:blocks/dislocator_pedestal"
    },
    "elements": [
        {
            "name": "basePlate",
            "from": [ 3.0, 0.0, 3.0 ], 
            "to": [ 13.0, 1.0, 13.0 ], 
            "faces": {
                "north": { "texture": "#0", "uv": [ 0.0, 0.0, 10.0, 1.0 ] },
                "east": { "texture": "#0", "uv": [ 0.0, 9.0, 10.0, 10.0 ] },
                "south": { "texture": "#0", "uv": [ 0.0, 0.0, 1.0, 10.0 ], "rotation": 90 },
                "west": { "texture": "#0", "uv": [ 9.0, 0.0, 10.0, 10.0 ], "rotation": 90 },
                "up": { "texture": "#0", "uv": [ 0.0, 0.0, 10.0, 10.0 ] },
                "down": { "texture": "#0", "uv": [ 0.0, 0.0, 10.0, 10.0 ] }
            }
        },
        {
            "name": "baseHub",
            "from": [ 5.0, 1.0, 5.0 ], 
            "to": [ 11.0, 2.0, 11.0 ], 
            "faces": {
                "north": { "texture": "#0", "uv": [ 10.0, 15.0, 16.0, 16.0 ] },
                "east": { "texture": "#0", "uv": [ 10.0, 14.0, 16.0, 15.0 ] },
                "south": { "texture": "#0", "uv": [ 10.0, 12.0, 16.0, 13.0 ] },
                "west": { "texture": "#0", "uv": [ 10.0, 11.0, 16.0, 12.0 ] },
                "up": { "texture": "#0", "uv": [ 10.0, 10.0, 16.0, 16.0 ] },
                "down": { "texture": "#0", "uv": [ 10.0, 10.0, 16.0, 16.0 ] }
            }
        },
        {
            "name": "pillar",
            "from": [ 6.0, 2.0, 6.0 ], 
            "to": [ 10.0, 11.0, 10.0 ], 
            "faces": {
                "north": { "texture": "#0", "uv": [ 10.0, 1.0, 14.0, 10.0 ] },
                "east": { "texture": "#0", "uv": [ 12.0, 1.0, 16.0, 10.0 ] },
                "south": { "texture": "#0", "uv": [ 1.0, 12.0, 10.0, 16.0 ], "rotation": 90 },
                "west": { "texture": "#0", "uv": [ 12.0, 0.0, 16.0, 9.0 ] },
                "up": { "texture": "#0", "uv": [ 0.0, 0.0, 4.0, 4.0 ] },
                "down": { "texture": "#0", "uv": [ 0.0, 0.0, 4.0, 4.0 ] }
            }
        },
        {
            "name": "plateStand",
            "from": [ 6.0, 11.0, 6.0 ], 
            "to": [ 10.0, 12.0, 7.0 ], 
            "faces": {
                "north": { "texture": "#0", "uv": [ 5.0, 10.0, 9.0, 11.0 ] },
                "east": { "texture": "#0", "uv": [ 4.0, 11.0, 5.0, 12.0 ] },
                "south": { "texture": "#0", "uv": [ 4.0, 11.0, 8.0, 12.0 ] },
                "west": { "texture": "#0", "uv": [ 0.0, 10.0, 1.0, 11.0 ] },
                "up": { "texture": "#0", "uv": [ 0.0, 11.0, 4.0, 12.0 ] },
                "down": { "texture": "#0", "uv": [ 0.0, 10.0, 4.0, 11.0 ] }
            }
        },
        {
            "name": "plate",
            "from": [ 5.0, 11.399999991059303, 5.0 ], 
            "to": [ 11.0, 12.399999991059303, 11.0 ], 
            "rotation": { "origin": [ 8.0, 12.0, 8.0 ], "axis": "x", "angle": 22.5 },
            "faces": {
                "north": { "texture": "#0", "uv": [ 10.0, 15.0, 16.0, 16.0 ] },
                "east": { "texture": "#0", "uv": [ 10.0, 14.0, 16.0, 15.0 ] },
                "south": { "texture": "#0", "uv": [ 10.0, 13.0, 16.0, 14.0 ] },
                "west": { "texture": "#0", "uv": [ 10.0, 10.0, 16.0, 11.0 ] },
                "up": { "texture": "#0", "uv": [ 10.0, 10.0, 16.0, 16.0 ] },
                "down": { "texture": "#0", "uv": [ 10.0, 10.0, 16.0, 16.0 ] }
            }
        },
        {
            "name": "plateNotchLeft",
            "from": [ 5.200000002980232, 12.399999991059303, 10.0 ], 
            "to": [ 6.0, 12.999999985098839, 10.799999997019768 ], 
            "rotation": { "origin": [ 8.0, 12.0, 8.0 ], "axis": "x", "angle": 22.5 },
            "faces": {
                "north": { "texture": "#0", "uv": [ 1.0, 10.0, 1.7999999970197678, 10.599999994039536 ] },
                "east": { "texture": "#0", "uv": [ 4.0, 11.0, 4.799999997019768, 11.599999994039536 ] },
                "south": { "texture": "#0", "uv": [ 5.0, 10.0, 5.799999997019768, 10.599999994039536 ] },
                "west": { "texture": "#0", "uv": [ 4.0, 11.0, 4.799999997019768, 11.599999994039536 ] },
                "up": { "texture": "#0", "uv": [ 6.0, 11.0, 6.799999997019768, 11.799999997019768 ] },
                "down": { "texture": "#0", "uv": [ 5.0, 10.0, 5.799999997019768, 10.799999997019768 ] }
            }
        },
        {
            "name": "plateNotchRight",
            "from": [ 10.0, 12.399999991059303, 10.0 ], 
            "to": [ 10.799999997019768, 12.999999985098839, 10.799999997019768 ], 
            "rotation": { "origin": [ 8.0, 12.0, 8.0 ], "axis": "x", "angle": 22.5 },
            "faces": {
                "north": { "texture": "#0", "uv": [ 7.0, 11.0, 7.799999997019768, 11.599999994039536 ] },
                "east": { "texture": "#0", "uv": [ 3.0, 11.0, 3.7999999970197678, 11.599999994039536 ] },
                "south": { "texture": "#0", "uv": [ 6.0, 11.0, 6.799999997019768, 11.599999994039536 ] },
                "west": { "texture": "#0", "uv": [ 7.0, 11.0, 7.799999997019768, 11.599999994039536 ] },
                "up": { "texture": "#0", "uv": [ 3.0, 10.0, 3.7999999970197678, 10.799999997019768 ] },
                "down": { "texture": "#0", "uv": [ 2.0, 11.0, 2.7999999970197678, 11.799999997019768 ] }
            }
        }
    ]
}