{
    "elements": [
        {
            "name": "bl",
            "from": [ 0.0, 0.0, 2.0 ], 
            "to": [ 2.0, 2.0, 14.0 ], 
            "faces": {
                "north": { "texture": "#texture", "uv": [ 14.0, 3.0, 16.0, 5.0 ] },
                "east": { "texture": "#texture", "uv": [ 12.0, 2.0, 14.0, 16.0 ], "rotation": 90 },
                "south": { "texture": "#texture", "uv": [ 12.0, 7.0, 14.0, 9.0 ] },
                "west": { "texture": "#texture", "uv": [ 14.0, 2.0, 12.0, 16.0 ], "rotation": 90 },
                "up": { "texture": "#texture", "uv": [ 12.0, 2.0, 14.0, 16.0 ] },
                "down": { "texture": "#texture", "uv": [ 12.0, 2.0, 14.0, 16.0 ] }
            }
        },
        {
            "name": "br",
            "from": [ 14.0, 0.0, 2.0 ], 
            "to": [ 16.0, 2.0, 14.0 ], 
            "faces": {
                "north": { "texture": "#texture", "uv": [ 14.0, 3.0, 16.0, 5.0 ] },
                "east": { "texture": "#texture", "uv": [ 12.0, 2.0, 14.0, 16.0 ], "rotation": 90 },
                "south": { "texture": "#texture", "uv": [ 12.0, 7.0, 14.0, 9.0 ] },
                "west": { "texture": "#texture", "uv": [ 14.0, 2.0, 12.0, 16.0 ], "rotation": 90 },
                "up": { "texture": "#texture", "uv": [ 12.0, 2.0, 14.0, 16.0 ] },
                "down": { "texture": "#texture", "uv": [ 12.0, 2.0, 14.0, 16.0 ] }
            }
        },
        {
            "name": "tr",
            "from": [ 14.0, 14.0, 2.0 ], 
            "to": [ 16.0, 16.0, 14.0 ], 
            "faces": {
                "north": { "texture": "#texture", "uv": [ 14.0, 3.0, 16.0, 5.0 ] },
                "east": { "texture": "#texture", "uv": [ 12.0, 2.0, 14.0, 16.0 ], "rotation": 90 },
                "south": { "texture": "#texture", "uv": [ 12.0, 7.0, 14.0, 9.0 ] },
                "west": { "texture": "#texture", "uv": [ 14.0, 2.0, 12.0, 16.0 ], "rotation": 90 },
                "up": { "texture": "#texture", "uv": [ 12.0, 2.0, 14.0, 16.0 ] },
                "down": { "texture": "#texture", "uv": [ 12.0, 2.0, 14.0, 16.0 ] }
            }
        },
        {
            "name": "tl",
            "from": [ 0.0, 14.0, 2.0 ], 
            "to": [ 2.0, 16.0, 14.0 ], 
            "faces": {
                "north": { "texture": "#texture", "uv": [ 14.0, 3.0, 16.0, 5.0 ] },
                "east": { "texture": "#texture", "uv": [ 12.0, 2.0, 14.0, 16.0 ], "rotation": 90 },
                "south": { "texture": "#texture", "uv": [ 12.0, 7.0, 14.0, 9.0 ] },
                "west": { "texture": "#texture", "uv": [ 14.0, 2.0, 12.0, 16.0 ], "rotation": 90 },
                "up": { "texture": "#texture", "uv": [ 12.0, 2.0, 14.0, 16.0 ] },
                "down": { "texture": "#texture", "uv": [ 12.0, 2.0, 14.0, 16.0 ] }
            }
        },
        {
            "name": "core",
            "from": [ 4.0, 4.0, 0.0 ], 
            "to": [ 12.0, 12.0, 16.0 ], 
            "faces": {
                "north": { "texture": "#texture", "uv": [ 4.0, 0.0, 8.0, 4.0 ] },
                "east": { "texture": "#texture", "uv": [ 0.0, 4.0, 6.0, 16.0 ], "rotation": 90 },
                "south": { "texture": "#texture", "uv": [ 0.0, 0.0, 4.0, 4.0 ], "rotation": 90 },
                "west": { "texture": "#texture", "uv": [ 0.0, 4.0, 6.0, 16.0 ], "rotation": 270 },
                "up": { "texture": "#texture", "uv": [ 0.0, 4.0, 6.0, 16.0 ] },
                "down": { "texture": "#texture", "uv": [ 0.0, 4.0, 6.0, 16.0 ], "rotation": 180 }
            }
        },
        {
            "name": "ulb",
            "from": [ 0.0, 0.0, 0.0 ], 
            "to": [ 2.0, 16.0, 2.0 ], 
            "faces": {
                "north": { "texture": "#texture", "uv": [ 14.0, 0.0, 16.0, 16.0 ] },
                "east": { "texture": "#texture", "uv": [ 14.0, 0.0, 16.0, 16.0 ] },
                "south": { "texture": "#texture", "uv": [ 14.0, 0.0, 16.0, 16.0 ] },
                "west": { "texture": "#texture", "uv": [ 14.0, 0.0, 16.0, 16.0 ] },
                "up": { "texture": "#texture", "uv": [ 12.0, 0.0, 14.0, 2.0 ] },
                "down": { "texture": "#texture", "uv": [ 12.0, 0.0, 14.0, 2.0 ] }
            }
        },
        {
            "name": "ulf",
            "from": [ 0.0, 0.0, 14.0 ], 
            "to": [ 2.0, 16.0, 16.0 ], 
            "faces": {
                "north": { "texture": "#texture", "uv": [ 14.0, 0.0, 16.0, 16.0 ] },
                "east": { "texture": "#texture", "uv": [ 14.0, 0.0, 16.0, 16.0 ] },
                "south": { "texture": "#texture", "uv": [ 14.0, 0.0, 16.0, 16.0 ] },
                "west": { "texture": "#texture", "uv": [ 14.0, 0.0, 16.0, 16.0 ] },
                "up": { "texture": "#texture", "uv": [ 12.0, 0.0, 14.0, 2.0 ] },
                "down": { "texture": "#texture", "uv": [ 12.0, 0.0, 14.0, 2.0 ] }
            }
        },
        {
            "name": "urb",
            "from": [ 14.0, 0.0, 0.0 ], 
            "to": [ 16.0, 16.0, 2.0 ], 
            "faces": {
                "north": { "texture": "#texture", "uv": [ 14.0, 0.0, 16.0, 16.0 ] },
                "east": { "texture": "#texture", "uv": [ 14.0, 0.0, 16.0, 16.0 ] },
                "south": { "texture": "#texture", "uv": [ 14.0, 0.0, 16.0, 16.0 ] },
                "west": { "texture": "#texture", "uv": [ 14.0, 0.0, 16.0, 16.0 ] },
                "up": { "texture": "#texture", "uv": [ 12.0, 0.0, 14.0, 2.0 ] },
                "down": { "texture": "#texture", "uv": [ 12.0, 0.0, 14.0, 2.0 ] }
            }
        },
        {
            "name": "urf",
            "from": [ 14.0, 0.0, 14.0 ], 
            "to": [ 16.0, 16.0, 16.0 ], 
            "faces": {
                "north": { "texture": "#texture", "uv": [ 14.0, 0.0, 16.0, 16.0 ] },
                "east": { "texture": "#texture", "uv": [ 14.0, 0.0, 16.0, 16.0 ] },
                "south": { "texture": "#texture", "uv": [ 14.0, 0.0, 16.0, 16.0 ] },
                "west": { "texture": "#texture", "uv": [ 14.0, 0.0, 16.0, 16.0 ] },
                "up": { "texture": "#texture", "uv": [ 12.0, 0.0, 14.0, 2.0 ] },
                "down": { "texture": "#texture", "uv": [ 12.0, 0.0, 14.0, 2.0 ] }
            }
        },
        {
            "name": "bbh",
            "from": [ 2.0, 0.0, 0.0 ], 
            "to": [ 14.0, 2.0, 2.0 ], 
            "faces": {
                "north": { "texture": "#texture", "uv": [ 12.0, 2.0, 14.0, 16.0 ], "rotation": 90 },
                "east": { "texture": "#texture", "uv": [ 12.0, 0.0, 14.0, 2.0 ] },
                "south": { "texture": "#texture", "uv": [ 12.0, 2.0, 14.0, 16.0 ], "rotation": 90 },
                "west": { "texture": "#texture", "uv": [ 12.0, 0.0, 14.0, 2.0 ] },
                "up": { "texture": "#texture", "uv": [ 12.0, 2.0, 14.0, 16.0 ], "rotation": 90 },
                "down": { "texture": "#texture", "uv": [ 12.0, 2.0, 14.0, 16.0 ], "rotation": 90 }
            }
        },
        {
            "name": "bth",
            "from": [ 2.0, 14.0, 0.0 ], 
            "to": [ 14.0, 16.0, 2.0 ], 
            "faces": {
                "north": { "texture": "#texture", "uv": [ 12.0, 2.0, 14.0, 16.0 ], "rotation": 90 },
                "east": { "texture": "#texture", "uv": [ 12.0, 0.0, 14.0, 2.0 ] },
                "south": { "texture": "#texture", "uv": [ 12.0, 2.0, 14.0, 16.0 ], "rotation": 90 },
                "west": { "texture": "#texture", "uv": [ 12.0, 0.0, 14.0, 2.0 ] },
                "up": { "texture": "#texture", "uv": [ 12.0, 2.0, 14.0, 16.0 ], "rotation": 90 },
                "down": { "texture": "#texture", "uv": [ 12.0, 2.0, 14.0, 16.0 ], "rotation": 90 }
            }
        },
        {
            "name": "fth",
            "from": [ 2.0, 14.0, 14.0 ], 
            "to": [ 14.0, 16.0, 16.0 ], 
            "faces": {
                "north": { "texture": "#texture", "uv": [ 12.0, 2.0, 14.0, 16.0 ], "rotation": 90 },
                "east": { "texture": "#texture", "uv": [ 12.0, 0.0, 14.0, 2.0 ] },
                "south": { "texture": "#texture", "uv": [ 12.0, 2.0, 14.0, 16.0 ], "rotation": 90 },
                "west": { "texture": "#texture", "uv": [ 12.0, 0.0, 14.0, 2.0 ] },
                "up": { "texture": "#texture", "uv": [ 12.0, 2.0, 14.0, 16.0 ], "rotation": 90 },
                "down": { "texture": "#texture", "uv": [ 12.0, 2.0, 14.0, 16.0 ], "rotation": 90 }
            }
        },
        {
            "name": "fbh",
            "from": [ 2.0, 0.0, 14.0 ], 
            "to": [ 14.0, 2.0, 16.0 ], 
            "faces": {
                "north": { "texture": "#texture", "uv": [ 12.0, 2.0, 14.0, 16.0 ], "rotation": 90 },
                "east": { "texture": "#texture", "uv": [ 12.0, 0.0, 14.0, 2.0 ] },
                "south": { "texture": "#texture", "uv": [ 12.0, 2.0, 14.0, 16.0 ], "rotation": 90 },
                "west": { "texture": "#texture", "uv": [ 12.0, 0.0, 14.0, 2.0 ] },
                "up": { "texture": "#texture", "uv": [ 12.0, 2.0, 14.0, 16.0 ], "rotation": 90 },
                "down": { "texture": "#texture", "uv": [ 12.0, 2.0, 14.0, 16.0 ], "rotation": 90 }
            }
        },
        {
            "name": "x1b",
            "from": [ 7.500000007450581, -1.0, 0.5000000074505806 ], 
            "to": [ 8.50000000745058, 17.0, 1.5000000074505806 ], 
            "rotation": { "origin": [ 8.0, 8.0, 8.0 ], "axis": "z", "angle": 45.0 },
            "faces": {
                "north": { "texture": "#texture", "uv": [ 11.0, 0.0, 12.0, 16.0 ] },
                "east": { "texture": "#texture", "uv": [ 11.0, 0.0, 12.0, 16.0 ] },
                "south": { "texture": "#texture", "uv": [ 11.0, 0.0, 12.0, 16.0 ] },
                "west": { "texture": "#texture", "uv": [ 11.0, 0.0, 12.0, 16.0 ] },
                "up": { "texture": "#texture", "uv": [ 11.0, 0.0, 12.0, 1.0 ] },
                "down": { "texture": "#texture", "uv": [ 11.0, 0.0, 12.0, 1.0 ] }
            }
        },
        {
            "name": "x2b",
            "from": [ 7.500000007450581, -1.0, 0.5000000074505806 ], 
            "to": [ 8.50000000745058, 17.0, 1.5000000074505806 ], 
            "rotation": { "origin": [ 8.0, 8.0, 8.0 ], "axis": "z", "angle": -45.0 },
            "faces": {
                "north": { "texture": "#texture", "uv": [ 11.0, 0.0, 12.0, 16.0 ] },
                "east": { "texture": "#texture", "uv": [ 11.0, 0.0, 12.0, 16.0 ] },
                "south": { "texture": "#texture", "uv": [ 11.0, 0.0, 12.0, 16.0 ] },
                "west": { "texture": "#texture", "uv": [ 11.0, 0.0, 12.0, 16.0 ] },
                "up": { "texture": "#texture", "uv": [ 11.0, 0.0, 12.0, 1.0 ] },
                "down": { "texture": "#texture", "uv": [ 11.0, 0.0, 12.0, 1.0 ] }
            }
        },
        {
            "name": "x1f",
            "from": [ 7.500000007450581, -1.0, 14.50000000745058 ], 
            "to": [ 8.50000000745058, 17.0, 15.50000000745058 ], 
            "rotation": { "origin": [ 8.0, 8.0, 8.0 ], "axis": "z", "angle": 45.0 },
            "faces": {
                "north": { "texture": "#texture", "uv": [ 11.0, 0.0, 12.0, 16.0 ] },
                "east": { "texture": "#texture", "uv": [ 11.0, 0.0, 12.0, 16.0 ] },
                "south": { "texture": "#texture", "uv": [ 11.0, 0.0, 12.0, 16.0 ] },
                "west": { "texture": "#texture", "uv": [ 11.0, 0.0, 12.0, 16.0 ] },
                "up": { "texture": "#texture", "uv": [ 11.0, 0.0, 12.0, 1.0 ] },
                "down": { "texture": "#texture", "uv": [ 11.0, 0.0, 12.0, 1.0 ] }
            }
        },
        {
            "name": "x2f",
            "from": [ 7.500000007450581, -1.0, 14.50000000745058 ], 
            "to": [ 8.50000000745058, 17.0, 15.50000000745058 ], 
            "rotation": { "origin": [ 8.0, 8.0, 8.0 ], "axis": "z", "angle": -45.0 },
            "faces": {
                "north": { "texture": "#texture", "uv": [ 11.0, 0.0, 12.0, 16.0 ] },
                "east": { "texture": "#texture", "uv": [ 11.0, 0.0, 12.0, 16.0 ] },
                "south": { "texture": "#texture", "uv": [ 11.0, 0.0, 12.0, 16.0 ] },
                "west": { "texture": "#texture", "uv": [ 11.0, 0.0, 12.0, 16.0 ] },
                "up": { "texture": "#texture", "uv": [ 12.0, 1.0, 11.0, 0.0 ] },
                "down": { "texture": "#texture", "uv": [ 11.0, 0.0, 12.0, 1.0 ] }
            }
        }
    ]
}