{
    "multipart": [
        {   "when": { "up": true },
            "apply": { "model": "mossy_cobblestone_wall_post" }
        },
        {   "when": { "north": true },
            "apply": { "model": "mossy_cobblestone_wall_side", "uvlock": false }
        },
        {   "when": { "east": true },
            "apply": { "model": "mossy_cobblestone_wall_side", "y": 90, "uvlock": false }
        },
        {   "when": { "south": true },
            "apply": { "model": "mossy_cobblestone_wall_side", "y": 180, "uvlock": false }
        },
        {   "when": { "west": true },
            "apply": { "model": "mossy_cobblestone_wall_side", "y": 270, "uvlock": false }
        }
    ]
}
